"combinada","altura","fecha","hora","fecha_Hora"
"1","29/04/2021 0:00",0.142,"2021-04-29","0:00:00",2021-04-29 00:00:00
"2","29/04/2021 0:10",0.232,"2021-04-29","0:10:00",2021-04-29 00:10:00
"3","29/04/2021 0:20",0.332,"2021-04-29","0:20:00",2021-04-29 00:20:00
"4","29/04/2021 0:30",0.443,"2021-04-29","0:30:00",2021-04-29 00:30:00
"5","29/04/2021 0:40",0.563,"2021-04-29","0:40:00",2021-04-29 00:40:00
"6","29/04/2021 0:50",0.692,"2021-04-29","0:50:00",2021-04-29 00:50:00
"7","29/04/2021 1:00",0.829,"2021-04-29","1:00:00",2021-04-29 01:00:00
"8","29/04/2021 1:10",0.972,"2021-04-29","1:10:00",2021-04-29 01:10:00
"9","29/04/2021 1:20",1.121,"2021-04-29","1:20:00",2021-04-29 01:20:00
"10","29/04/2021 1:30",1.275,"2021-04-29","1:30:00",2021-04-29 01:30:00
"11","29/04/2021 1:40",1.432,"2021-04-29","1:40:00",2021-04-29 01:40:00
"12","29/04/2021 1:50",1.592,"2021-04-29","1:50:00",2021-04-29 01:50:00
"13","29/04/2021 2:00",1.753,"2021-04-29","2:00:00",2021-04-29 02:00:00
"14","29/04/2021 2:10",1.914,"2021-04-29","2:10:00",2021-04-29 02:10:00
"15","29/04/2021 2:20",2.074,"2021-04-29","2:20:00",2021-04-29 02:20:00
"16","29/04/2021 2:30",2.232,"2021-04-29","2:30:00",2021-04-29 02:30:00
"17","29/04/2021 2:40",2.387,"2021-04-29","2:40:00",2021-04-29 02:40:00
"18","29/04/2021 2:50",2.538,"2021-04-29","2:50:00",2021-04-29 02:50:00
"19","29/04/2021 3:00",2.683,"2021-04-29","3:00:00",2021-04-29 03:00:00
"20","29/04/2021 3:10",2.822,"2021-04-29","3:10:00",2021-04-29 03:10:00
"21","29/04/2021 3:20",2.953,"2021-04-29","3:20:00",2021-04-29 03:20:00
"22","29/04/2021 3:30",3.075,"2021-04-29","3:30:00",2021-04-29 03:30:00
"23","29/04/2021 3:40",3.189,"2021-04-29","3:40:00",2021-04-29 03:40:00
"24","29/04/2021 3:50",3.292,"2021-04-29","3:50:00",2021-04-29 03:50:00
"25","29/04/2021 4:00",3.385,"2021-04-29","4:00:00",2021-04-29 04:00:00
"26","29/04/2021 4:10",3.466,"2021-04-29","4:10:00",2021-04-29 04:10:00
"27","29/04/2021 4:20",3.536,"2021-04-29","4:20:00",2021-04-29 04:20:00
"28","29/04/2021 4:30",3.592,"2021-04-29","4:30:00",2021-04-29 04:30:00
"29","29/04/2021 4:40",3.636,"2021-04-29","4:40:00",2021-04-29 04:40:00
"30","29/04/2021 4:50",3.667,"2021-04-29","4:50:00",2021-04-29 04:50:00
"31","29/04/2021 5:00",3.685,"2021-04-29","5:00:00",2021-04-29 05:00:00
"32","29/04/2021 5:10",3.689,"2021-04-29","5:10:00",2021-04-29 05:10:00
"33","29/04/2021 5:20",3.68,"2021-04-29","5:20:00",2021-04-29 05:20:00
"34","29/04/2021 5:30",3.657,"2021-04-29","5:30:00",2021-04-29 05:30:00
"35","29/04/2021 5:40",3.621,"2021-04-29","5:40:00",2021-04-29 05:40:00
"36","29/04/2021 5:50",3.572,"2021-04-29","5:50:00",2021-04-29 05:50:00
"37","29/04/2021 6:00",3.51,"2021-04-29","6:00:00",2021-04-29 06:00:00
"38","29/04/2021 6:10",3.436,"2021-04-29","6:10:00",2021-04-29 06:10:00
"39","29/04/2021 6:20",3.351,"2021-04-29","6:20:00",2021-04-29 06:20:00
"40","29/04/2021 6:30",3.254,"2021-04-29","6:30:00",2021-04-29 06:30:00
"41","29/04/2021 6:40",3.147,"2021-04-29","6:40:00",2021-04-29 06:40:00
"42","29/04/2021 6:50",3.031,"2021-04-29","6:50:00",2021-04-29 06:50:00
"43","29/04/2021 7:00",2.906,"2021-04-29","7:00:00",2021-04-29 07:00:00
"44","29/04/2021 7:10",2.773,"2021-04-29","7:10:00",2021-04-29 07:10:00
"45","29/04/2021 7:20",2.634,"2021-04-29","7:20:00",2021-04-29 07:20:00
"46","29/04/2021 7:30",2.49,"2021-04-29","7:30:00",2021-04-29 07:30:00
"47","29/04/2021 7:40",2.341,"2021-04-29","7:40:00",2021-04-29 07:40:00
"48","29/04/2021 7:50",2.188,"2021-04-29","7:50:00",2021-04-29 07:50:00
"49","29/04/2021 8:00",2.034,"2021-04-29","8:00:00",2021-04-29 08:00:00
"50","29/04/2021 8:10",1.879,"2021-04-29","8:10:00",2021-04-29 08:10:00
"51","29/04/2021 8:20",1.725,"2021-04-29","8:20:00",2021-04-29 08:20:00
"52","29/04/2021 8:30",1.572,"2021-04-29","8:30:00",2021-04-29 08:30:00
"53","29/04/2021 8:40",1.421,"2021-04-29","8:40:00",2021-04-29 08:40:00
"54","29/04/2021 8:50",1.275,"2021-04-29","8:50:00",2021-04-29 08:50:00
"55","29/04/2021 9:00",1.133,"2021-04-29","9:00:00",2021-04-29 09:00:00
"56","29/04/2021 9:10",0.997,"2021-04-29","9:10:00",2021-04-29 09:10:00
"57","29/04/2021 9:20",0.868,"2021-04-29","9:20:00",2021-04-29 09:20:00
"58","29/04/2021 9:30",0.747,"2021-04-29","9:30:00",2021-04-29 09:30:00
"59","29/04/2021 9:40",0.634,"2021-04-29","9:40:00",2021-04-29 09:40:00
"60","29/04/2021 9:50",0.531,"2021-04-29","9:50:00",2021-04-29 09:50:00
"61","29/04/2021 10:00",0.438,"2021-04-29","10:00:00",2021-04-29 10:00:00
"62","29/04/2021 10:10",0.356,"2021-04-29","10:10:00",2021-04-29 10:10:00
"63","29/04/2021 10:20",0.285,"2021-04-29","10:20:00",2021-04-29 10:20:00
"64","29/04/2021 10:30",0.226,"2021-04-29","10:30:00",2021-04-29 10:30:00
"65","29/04/2021 10:40",0.179,"2021-04-29","10:40:00",2021-04-29 10:40:00
"66","29/04/2021 10:50",0.145,"2021-04-29","10:50:00",2021-04-29 10:50:00
"67","29/04/2021 11:00",0.123,"2021-04-29","11:00:00",2021-04-29 11:00:00
"68","29/04/2021 11:10",0.115,"2021-04-29","11:10:00",2021-04-29 11:10:00
"69","29/04/2021 11:20",0.119,"2021-04-29","11:20:00",2021-04-29 11:20:00
"70","29/04/2021 11:30",0.136,"2021-04-29","11:30:00",2021-04-29 11:30:00
"71","29/04/2021 11:40",0.165,"2021-04-29","11:40:00",2021-04-29 11:40:00
"72","29/04/2021 11:50",0.208,"2021-04-29","11:50:00",2021-04-29 11:50:00
"73","29/04/2021 12:00",0.262,"2021-04-29","12:00:00",2021-04-29 12:00:00
"74","29/04/2021 12:10",0.328,"2021-04-29","12:10:00",2021-04-29 12:10:00
"75","29/04/2021 12:20",0.406,"2021-04-29","12:20:00",2021-04-29 12:20:00
"76","29/04/2021 12:30",0.494,"2021-04-29","12:30:00",2021-04-29 12:30:00
"77","29/04/2021 12:40",0.593,"2021-04-29","12:40:00",2021-04-29 12:40:00
"78","29/04/2021 12:50",0.701,"2021-04-29","12:50:00",2021-04-29 12:50:00
"79","29/04/2021 13:00",0.818,"2021-04-29","13:00:00",2021-04-29 13:00:00
"80","29/04/2021 13:10",0.943,"2021-04-29","13:10:00",2021-04-29 13:10:00
"81","29/04/2021 13:20",1.075,"2021-04-29","13:20:00",2021-04-29 13:20:00
"82","29/04/2021 13:30",1.213,"2021-04-29","13:30:00",2021-04-29 13:30:00
"83","29/04/2021 13:40",1.357,"2021-04-29","13:40:00",2021-04-29 13:40:00
"84","29/04/2021 13:50",1.505,"2021-04-29","13:50:00",2021-04-29 13:50:00
"85","29/04/2021 14:00",1.657,"2021-04-29","14:00:00",2021-04-29 14:00:00
"86","29/04/2021 14:10",1.811,"2021-04-29","14:10:00",2021-04-29 14:10:00
"87","29/04/2021 14:20",1.966,"2021-04-29","14:20:00",2021-04-29 14:20:00
"88","29/04/2021 14:30",2.122,"2021-04-29","14:30:00",2021-04-29 14:30:00
"89","29/04/2021 14:40",2.276,"2021-04-29","14:40:00",2021-04-29 14:40:00
"90","29/04/2021 14:50",2.429,"2021-04-29","14:50:00",2021-04-29 14:50:00
"91","29/04/2021 15:00",2.578,"2021-04-29","15:00:00",2021-04-29 15:00:00
"92","29/04/2021 15:10",2.723,"2021-04-29","15:10:00",2021-04-29 15:10:00
"93","29/04/2021 15:20",2.863,"2021-04-29","15:20:00",2021-04-29 15:20:00
"94","29/04/2021 15:30",2.997,"2021-04-29","15:30:00",2021-04-29 15:30:00
"95","29/04/2021 15:40",3.123,"2021-04-29","15:40:00",2021-04-29 15:40:00
"96","29/04/2021 15:50",3.241,"2021-04-29","15:50:00",2021-04-29 15:50:00
"97","29/04/2021 16:00",3.351,"2021-04-29","16:00:00",2021-04-29 16:00:00
"98","29/04/2021 16:10",3.45,"2021-04-29","16:10:00",2021-04-29 16:10:00
"99","29/04/2021 16:20",3.539,"2021-04-29","16:20:00",2021-04-29 16:20:00
"100","29/04/2021 16:30",3.616,"2021-04-29","16:30:00",2021-04-29 16:30:00
"101","29/04/2021 16:40",3.682,"2021-04-29","16:40:00",2021-04-29 16:40:00
"102","29/04/2021 16:50",3.736,"2021-04-29","16:50:00",2021-04-29 16:50:00
"103","29/04/2021 17:00",3.777,"2021-04-29","17:00:00",2021-04-29 17:00:00
"104","29/04/2021 17:10",3.804,"2021-04-29","17:10:00",2021-04-29 17:10:00
"105","29/04/2021 17:20",3.819,"2021-04-29","17:20:00",2021-04-29 17:20:00
"106","29/04/2021 17:30",3.82,"2021-04-29","17:30:00",2021-04-29 17:30:00
"107","29/04/2021 17:40",3.808,"2021-04-29","17:40:00",2021-04-29 17:40:00
"108","29/04/2021 17:50",3.783,"2021-04-29","17:50:00",2021-04-29 17:50:00
"109","29/04/2021 18:00",3.744,"2021-04-29","18:00:00",2021-04-29 18:00:00
"110","29/04/2021 18:10",3.692,"2021-04-29","18:10:00",2021-04-29 18:10:00
"111","29/04/2021 18:20",3.627,"2021-04-29","18:20:00",2021-04-29 18:20:00
"112","29/04/2021 18:30",3.549,"2021-04-29","18:30:00",2021-04-29 18:30:00
"113","29/04/2021 18:40",3.46,"2021-04-29","18:40:00",2021-04-29 18:40:00
"114","29/04/2021 18:50",3.359,"2021-04-29","18:50:00",2021-04-29 18:50:00
"115","29/04/2021 19:00",3.247,"2021-04-29","19:00:00",2021-04-29 19:00:00
"116","29/04/2021 19:10",3.126,"2021-04-29","19:10:00",2021-04-29 19:10:00
"117","29/04/2021 19:20",2.995,"2021-04-29","19:20:00",2021-04-29 19:20:00
"118","29/04/2021 19:30",2.856,"2021-04-29","19:30:00",2021-04-29 19:30:00
"119","29/04/2021 19:40",2.71,"2021-04-29","19:40:00",2021-04-29 19:40:00
"120","29/04/2021 19:50",2.557,"2021-04-29","19:50:00",2021-04-29 19:50:00
"121","29/04/2021 20:00",2.4,"2021-04-29","20:00:00",2021-04-29 20:00:00
"122","29/04/2021 20:10",2.239,"2021-04-29","20:10:00",2021-04-29 20:10:00
"123","29/04/2021 20:20",2.075,"2021-04-29","20:20:00",2021-04-29 20:20:00
"124","29/04/2021 20:30",1.91,"2021-04-29","20:30:00",2021-04-29 20:30:00
"125","29/04/2021 20:40",1.744,"2021-04-29","20:40:00",2021-04-29 20:40:00
"126","29/04/2021 20:50",1.58,"2021-04-29","20:50:00",2021-04-29 20:50:00
"127","29/04/2021 21:00",1.418,"2021-04-29","21:00:00",2021-04-29 21:00:00
"128","29/04/2021 21:10",1.259,"2021-04-29","21:10:00",2021-04-29 21:10:00
"129","29/04/2021 21:20",1.105,"2021-04-29","21:20:00",2021-04-29 21:20:00
"130","29/04/2021 21:30",0.957,"2021-04-29","21:30:00",2021-04-29 21:30:00
"131","29/04/2021 21:40",0.815,"2021-04-29","21:40:00",2021-04-29 21:40:00
"132","29/04/2021 21:50",0.68,"2021-04-29","21:50:00",2021-04-29 21:50:00
"133","29/04/2021 22:00",0.554,"2021-04-29","22:00:00",2021-04-29 22:00:00
"134","29/04/2021 22:10",0.438,"2021-04-29","22:10:00",2021-04-29 22:10:00
"135","29/04/2021 22:20",0.331,"2021-04-29","22:20:00",2021-04-29 22:20:00
"136","29/04/2021 22:30",0.234,"2021-04-29","22:30:00",2021-04-29 22:30:00
"137","29/04/2021 22:40",0.149,"2021-04-29","22:40:00",2021-04-29 22:40:00
"138","29/04/2021 22:50",0.076,"2021-04-29","22:50:00",2021-04-29 22:50:00
"139","29/04/2021 23:00",0.015,"2021-04-29","23:00:00",2021-04-29 23:00:00
"140","29/04/2021 23:10",-0.034,"2021-04-29","23:10:00",2021-04-29 23:10:00
"141","29/04/2021 23:20",-0.07,"2021-04-29","23:20:00",2021-04-29 23:20:00
"142","29/04/2021 23:30",-0.093,"2021-04-29","23:30:00",2021-04-29 23:30:00
"143","29/04/2021 23:40",-0.103,"2021-04-29","23:40:00",2021-04-29 23:40:00
"144","29/04/2021 23:50",-0.099,"2021-04-29","23:50:00",2021-04-29 23:50:00
"145","30/04/2021 0:00",-0.083,"2021-04-30","0:00:00",2021-04-30 00:00:00
"146","30/04/2021 0:10",-0.053,"2021-04-30","0:10:00",2021-04-30 00:10:00
"147","30/04/2021 0:20",-0.011,"2021-04-30","0:20:00",2021-04-30 00:20:00
"148","30/04/2021 0:30",0.044,"2021-04-30","0:30:00",2021-04-30 00:30:00
"149","30/04/2021 0:40",0.111,"2021-04-30","0:40:00",2021-04-30 00:40:00
"150","30/04/2021 0:50",0.189,"2021-04-30","0:50:00",2021-04-30 00:50:00
"151","30/04/2021 1:00",0.279,"2021-04-30","1:00:00",2021-04-30 01:00:00
"152","30/04/2021 1:10",0.379,"2021-04-30","1:10:00",2021-04-30 01:10:00
"153","30/04/2021 1:20",0.489,"2021-04-30","1:20:00",2021-04-30 01:20:00
"154","30/04/2021 1:30",0.608,"2021-04-30","1:30:00",2021-04-30 01:30:00
"155","30/04/2021 1:40",0.735,"2021-04-30","1:40:00",2021-04-30 01:40:00
"156","30/04/2021 1:50",0.87,"2021-04-30","1:50:00",2021-04-30 01:50:00
"157","30/04/2021 2:00",1.01,"2021-04-30","2:00:00",2021-04-30 02:00:00
"158","30/04/2021 2:10",1.156,"2021-04-30","2:10:00",2021-04-30 02:10:00
"159","30/04/2021 2:20",1.306,"2021-04-30","2:20:00",2021-04-30 02:20:00
"160","30/04/2021 2:30",1.46,"2021-04-30","2:30:00",2021-04-30 02:30:00
"161","30/04/2021 2:40",1.615,"2021-04-30","2:40:00",2021-04-30 02:40:00
"162","30/04/2021 2:50",1.772,"2021-04-30","2:50:00",2021-04-30 02:50:00
"163","30/04/2021 3:00",1.928,"2021-04-30","3:00:00",2021-04-30 03:00:00
"164","30/04/2021 3:10",2.084,"2021-04-30","3:10:00",2021-04-30 03:10:00
"165","30/04/2021 3:20",2.237,"2021-04-30","3:20:00",2021-04-30 03:20:00
"166","30/04/2021 3:30",2.386,"2021-04-30","3:30:00",2021-04-30 03:30:00
"167","30/04/2021 3:40",2.532,"2021-04-30","3:40:00",2021-04-30 03:40:00
"168","30/04/2021 3:50",2.672,"2021-04-30","3:50:00",2021-04-30 03:50:00
"169","30/04/2021 4:00",2.805,"2021-04-30","4:00:00",2021-04-30 04:00:00
"170","30/04/2021 4:10",2.931,"2021-04-30","4:10:00",2021-04-30 04:10:00
"171","30/04/2021 4:20",3.049,"2021-04-30","4:20:00",2021-04-30 04:20:00
"172","30/04/2021 4:30",3.158,"2021-04-30","4:30:00",2021-04-30 04:30:00
"173","30/04/2021 4:40",3.257,"2021-04-30","4:40:00",2021-04-30 04:40:00
"174","30/04/2021 4:50",3.346,"2021-04-30","4:50:00",2021-04-30 04:50:00
"175","30/04/2021 5:00",3.423,"2021-04-30","5:00:00",2021-04-30 05:00:00
"176","30/04/2021 5:10",3.49,"2021-04-30","5:10:00",2021-04-30 05:10:00
"177","30/04/2021 5:20",3.544,"2021-04-30","5:20:00",2021-04-30 05:20:00
"178","30/04/2021 5:30",3.585,"2021-04-30","5:30:00",2021-04-30 05:30:00
"179","30/04/2021 5:40",3.614,"2021-04-30","5:40:00",2021-04-30 05:40:00
"180","30/04/2021 5:50",3.63,"2021-04-30","5:50:00",2021-04-30 05:50:00
"181","30/04/2021 6:00",3.634,"2021-04-30","6:00:00",2021-04-30 06:00:00
"182","30/04/2021 6:10",3.624,"2021-04-30","6:10:00",2021-04-30 06:10:00
"183","30/04/2021 6:20",3.601,"2021-04-30","6:20:00",2021-04-30 06:20:00
"184","30/04/2021 6:30",3.566,"2021-04-30","6:30:00",2021-04-30 06:30:00
"185","30/04/2021 6:40",3.518,"2021-04-30","6:40:00",2021-04-30 06:40:00
"186","30/04/2021 6:50",3.458,"2021-04-30","6:50:00",2021-04-30 06:50:00
"187","30/04/2021 7:00",3.386,"2021-04-30","7:00:00",2021-04-30 07:00:00
"188","30/04/2021 7:10",3.303,"2021-04-30","7:10:00",2021-04-30 07:10:00
"189","30/04/2021 7:20",3.21,"2021-04-30","7:20:00",2021-04-30 07:20:00
"190","30/04/2021 7:30",3.107,"2021-04-30","7:30:00",2021-04-30 07:30:00
"191","30/04/2021 7:40",2.996,"2021-04-30","7:40:00",2021-04-30 07:40:00
"192","30/04/2021 7:50",2.876,"2021-04-30","7:50:00",2021-04-30 07:50:00
"193","30/04/2021 8:00",2.749,"2021-04-30","8:00:00",2021-04-30 08:00:00
"194","30/04/2021 8:10",2.616,"2021-04-30","8:10:00",2021-04-30 08:10:00
"195","30/04/2021 8:20",2.478,"2021-04-30","8:20:00",2021-04-30 08:20:00
"196","30/04/2021 8:30",2.335,"2021-04-30","8:30:00",2021-04-30 08:30:00
"197","30/04/2021 8:40",2.19,"2021-04-30","8:40:00",2021-04-30 08:40:00
"198","30/04/2021 8:50",2.044,"2021-04-30","8:50:00",2021-04-30 08:50:00
"199","30/04/2021 9:00",1.896,"2021-04-30","9:00:00",2021-04-30 09:00:00
"200","30/04/2021 9:10",1.749,"2021-04-30","9:10:00",2021-04-30 09:10:00
"201","30/04/2021 9:20",1.604,"2021-04-30","9:20:00",2021-04-30 09:20:00
"202","30/04/2021 9:30",1.461,"2021-04-30","9:30:00",2021-04-30 09:30:00
"203","30/04/2021 9:40",1.322,"2021-04-30","9:40:00",2021-04-30 09:40:00
"204","30/04/2021 9:50",1.188,"2021-04-30","9:50:00",2021-04-30 09:50:00
"205","30/04/2021 10:00",1.059,"2021-04-30","10:00:00",2021-04-30 10:00:00
"206","30/04/2021 10:10",0.937,"2021-04-30","10:10:00",2021-04-30 10:10:00
"207","30/04/2021 10:20",0.822,"2021-04-30","10:20:00",2021-04-30 10:20:00
"208","30/04/2021 10:30",0.715,"2021-04-30","10:30:00",2021-04-30 10:30:00
"209","30/04/2021 10:40",0.617,"2021-04-30","10:40:00",2021-04-30 10:40:00
"210","30/04/2021 10:50",0.529,"2021-04-30","10:50:00",2021-04-30 10:50:00
"211","30/04/2021 11:00",0.45,"2021-04-30","11:00:00",2021-04-30 11:00:00
"212","30/04/2021 11:10",0.383,"2021-04-30","11:10:00",2021-04-30 11:10:00
"213","30/04/2021 11:20",0.326,"2021-04-30","11:20:00",2021-04-30 11:20:00
"214","30/04/2021 11:30",0.281,"2021-04-30","11:30:00",2021-04-30 11:30:00
"215","30/04/2021 11:40",0.248,"2021-04-30","11:40:00",2021-04-30 11:40:00
"216","30/04/2021 11:50",0.226,"2021-04-30","11:50:00",2021-04-30 11:50:00
"217","30/04/2021 12:00",0.217,"2021-04-30","12:00:00",2021-04-30 12:00:00
"218","30/04/2021 12:10",0.22,"2021-04-30","12:10:00",2021-04-30 12:10:00
"219","30/04/2021 12:20",0.235,"2021-04-30","12:20:00",2021-04-30 12:20:00
"220","30/04/2021 12:30",0.262,"2021-04-30","12:30:00",2021-04-30 12:30:00
"221","30/04/2021 12:40",0.301,"2021-04-30","12:40:00",2021-04-30 12:40:00
"222","30/04/2021 12:50",0.352,"2021-04-30","12:50:00",2021-04-30 12:50:00
"223","30/04/2021 13:00",0.413,"2021-04-30","13:00:00",2021-04-30 13:00:00
"224","30/04/2021 13:10",0.486,"2021-04-30","13:10:00",2021-04-30 13:10:00
"225","30/04/2021 13:20",0.568,"2021-04-30","13:20:00",2021-04-30 13:20:00
"226","30/04/2021 13:30",0.66,"2021-04-30","13:30:00",2021-04-30 13:30:00
"227","30/04/2021 13:40",0.762,"2021-04-30","13:40:00",2021-04-30 13:40:00
"228","30/04/2021 13:50",0.871,"2021-04-30","13:50:00",2021-04-30 13:50:00
"229","30/04/2021 14:00",0.988,"2021-04-30","14:00:00",2021-04-30 14:00:00
"230","30/04/2021 14:10",1.112,"2021-04-30","14:10:00",2021-04-30 14:10:00
"231","30/04/2021 14:20",1.242,"2021-04-30","14:20:00",2021-04-30 14:20:00
"232","30/04/2021 14:30",1.376,"2021-04-30","14:30:00",2021-04-30 14:30:00
"233","30/04/2021 14:40",1.515,"2021-04-30","14:40:00",2021-04-30 14:40:00
"234","30/04/2021 14:50",1.657,"2021-04-30","14:50:00",2021-04-30 14:50:00
"235","30/04/2021 15:00",1.802,"2021-04-30","15:00:00",2021-04-30 15:00:00
"236","30/04/2021 15:10",1.947,"2021-04-30","15:10:00",2021-04-30 15:10:00
"237","30/04/2021 15:20",2.093,"2021-04-30","15:20:00",2021-04-30 15:20:00
"238","30/04/2021 15:30",2.237,"2021-04-30","15:30:00",2021-04-30 15:30:00
"239","30/04/2021 15:40",2.38,"2021-04-30","15:40:00",2021-04-30 15:40:00
"240","30/04/2021 15:50",2.52,"2021-04-30","15:50:00",2021-04-30 15:50:00
"241","30/04/2021 16:00",2.655,"2021-04-30","16:00:00",2021-04-30 16:00:00
"242","30/04/2021 16:10",2.786,"2021-04-30","16:10:00",2021-04-30 16:10:00
"243","30/04/2021 16:20",2.911,"2021-04-30","16:20:00",2021-04-30 16:20:00
"244","30/04/2021 16:30",3.029,"2021-04-30","16:30:00",2021-04-30 16:30:00
"245","30/04/2021 16:40",3.14,"2021-04-30","16:40:00",2021-04-30 16:40:00
"246","30/04/2021 16:50",3.242,"2021-04-30","16:50:00",2021-04-30 16:50:00
"247","30/04/2021 17:00",3.334,"2021-04-30","17:00:00",2021-04-30 17:00:00
"248","30/04/2021 17:10",3.417,"2021-04-30","17:10:00",2021-04-30 17:10:00
"249","30/04/2021 17:20",3.489,"2021-04-30","17:20:00",2021-04-30 17:20:00
"250","30/04/2021 17:30",3.551,"2021-04-30","17:30:00",2021-04-30 17:30:00
"251","30/04/2021 17:40",3.6,"2021-04-30","17:40:00",2021-04-30 17:40:00
"252","30/04/2021 17:50",3.638,"2021-04-30","17:50:00",2021-04-30 17:50:00
"253","30/04/2021 18:00",3.663,"2021-04-30","18:00:00",2021-04-30 18:00:00
"254","30/04/2021 18:10",3.677,"2021-04-30","18:10:00",2021-04-30 18:10:00
"255","30/04/2021 18:20",3.677,"2021-04-30","18:20:00",2021-04-30 18:20:00
"256","30/04/2021 18:30",3.665,"2021-04-30","18:30:00",2021-04-30 18:30:00
"257","30/04/2021 18:40",3.64,"2021-04-30","18:40:00",2021-04-30 18:40:00
"258","30/04/2021 18:50",3.603,"2021-04-30","18:50:00",2021-04-30 18:50:00
"259","30/04/2021 19:00",3.553,"2021-04-30","19:00:00",2021-04-30 19:00:00
"260","30/04/2021 19:10",3.492,"2021-04-30","19:10:00",2021-04-30 19:10:00
"261","30/04/2021 19:20",3.419,"2021-04-30","19:20:00",2021-04-30 19:20:00
"262","30/04/2021 19:30",3.334,"2021-04-30","19:30:00",2021-04-30 19:30:00
"263","30/04/2021 19:40",3.239,"2021-04-30","19:40:00",2021-04-30 19:40:00
"264","30/04/2021 19:50",3.134,"2021-04-30","19:50:00",2021-04-30 19:50:00
"265","30/04/2021 20:00",3.02,"2021-04-30","20:00:00",2021-04-30 20:00:00
"266","30/04/2021 20:10",2.897,"2021-04-30","20:10:00",2021-04-30 20:10:00
"267","30/04/2021 20:20",2.767,"2021-04-30","20:20:00",2021-04-30 20:20:00
"268","30/04/2021 20:30",2.631,"2021-04-30","20:30:00",2021-04-30 20:30:00
"269","30/04/2021 20:40",2.488,"2021-04-30","20:40:00",2021-04-30 20:40:00
"270","30/04/2021 20:50",2.342,"2021-04-30","20:50:00",2021-04-30 20:50:00
"271","30/04/2021 21:00",2.192,"2021-04-30","21:00:00",2021-04-30 21:00:00
"272","30/04/2021 21:10",2.04,"2021-04-30","21:10:00",2021-04-30 21:10:00
"273","30/04/2021 21:20",1.886,"2021-04-30","21:20:00",2021-04-30 21:20:00
"274","30/04/2021 21:30",1.733,"2021-04-30","21:30:00",2021-04-30 21:30:00
"275","30/04/2021 21:40",1.581,"2021-04-30","21:40:00",2021-04-30 21:40:00
"276","30/04/2021 21:50",1.431,"2021-04-30","21:50:00",2021-04-30 21:50:00
"277","30/04/2021 22:00",1.285,"2021-04-30","22:00:00",2021-04-30 22:00:00
"278","30/04/2021 22:10",1.142,"2021-04-30","22:10:00",2021-04-30 22:10:00
"279","30/04/2021 22:20",1.005,"2021-04-30","22:20:00",2021-04-30 22:20:00
"280","30/04/2021 22:30",0.874,"2021-04-30","22:30:00",2021-04-30 22:30:00
"281","30/04/2021 22:40",0.75,"2021-04-30","22:40:00",2021-04-30 22:40:00
"282","30/04/2021 22:50",0.634,"2021-04-30","22:50:00",2021-04-30 22:50:00
"283","30/04/2021 23:00",0.527,"2021-04-30","23:00:00",2021-04-30 23:00:00
"284","30/04/2021 23:10",0.428,"2021-04-30","23:10:00",2021-04-30 23:10:00
"285","30/04/2021 23:20",0.34,"2021-04-30","23:20:00",2021-04-30 23:20:00
"286","30/04/2021 23:30",0.261,"2021-04-30","23:30:00",2021-04-30 23:30:00
"287","30/04/2021 23:40",0.194,"2021-04-30","23:40:00",2021-04-30 23:40:00
"288","30/04/2021 23:50",0.138,"2021-04-30","23:50:00",2021-04-30 23:50:00
"289","01/05/2021 0:00",0.093,"2021-05-01","0:00:00",2021-05-01 00:00:00
"290","01/05/2021 0:10",0.06,"2021-05-01","0:10:00",2021-05-01 00:10:00
"291","01/05/2021 0:20",0.039,"2021-05-01","0:20:00",2021-05-01 00:20:00
"292","01/05/2021 0:30",0.03,"2021-05-01","0:30:00",2021-05-01 00:30:00
"293","01/05/2021 0:40",0.034,"2021-05-01","0:40:00",2021-05-01 00:40:00
"294","01/05/2021 0:50",0.049,"2021-05-01","0:50:00",2021-05-01 00:50:00
"295","01/05/2021 1:00",0.077,"2021-05-01","1:00:00",2021-05-01 01:00:00
"296","01/05/2021 1:10",0.116,"2021-05-01","1:10:00",2021-05-01 01:10:00
"297","01/05/2021 1:20",0.167,"2021-05-01","1:20:00",2021-05-01 01:20:00
"298","01/05/2021 1:30",0.23,"2021-05-01","1:30:00",2021-05-01 01:30:00
"299","01/05/2021 1:40",0.303,"2021-05-01","1:40:00",2021-05-01 01:40:00
"300","01/05/2021 1:50",0.386,"2021-05-01","1:50:00",2021-05-01 01:50:00
"301","01/05/2021 2:00",0.479,"2021-05-01","2:00:00",2021-05-01 02:00:00
"302","01/05/2021 2:10",0.581,"2021-05-01","2:10:00",2021-05-01 02:10:00
"303","01/05/2021 2:20",0.691,"2021-05-01","2:20:00",2021-05-01 02:20:00
"304","01/05/2021 2:30",0.809,"2021-05-01","2:30:00",2021-05-01 02:30:00
"305","01/05/2021 2:40",0.933,"2021-05-01","2:40:00",2021-05-01 02:40:00
"306","01/05/2021 2:50",1.063,"2021-05-01","2:50:00",2021-05-01 02:50:00
"307","01/05/2021 3:00",1.198,"2021-05-01","3:00:00",2021-05-01 03:00:00
"308","01/05/2021 3:10",1.337,"2021-05-01","3:10:00",2021-05-01 03:10:00
"309","01/05/2021 3:20",1.478,"2021-05-01","3:20:00",2021-05-01 03:20:00
"310","01/05/2021 3:30",1.622,"2021-05-01","3:30:00",2021-05-01 03:30:00
"311","01/05/2021 3:40",1.766,"2021-05-01","3:40:00",2021-05-01 03:40:00
"312","01/05/2021 3:50",1.911,"2021-05-01","3:50:00",2021-05-01 03:50:00
"313","01/05/2021 4:00",2.054,"2021-05-01","4:00:00",2021-05-01 04:00:00
"314","01/05/2021 4:10",2.195,"2021-05-01","4:10:00",2021-05-01 04:10:00
"315","01/05/2021 4:20",2.333,"2021-05-01","4:20:00",2021-05-01 04:20:00
"316","01/05/2021 4:30",2.468,"2021-05-01","4:30:00",2021-05-01 04:30:00
"317","01/05/2021 4:40",2.597,"2021-05-01","4:40:00",2021-05-01 04:40:00
"318","01/05/2021 4:50",2.721,"2021-05-01","4:50:00",2021-05-01 04:50:00
"319","01/05/2021 5:00",2.837,"2021-05-01","5:00:00",2021-05-01 05:00:00
"320","01/05/2021 5:10",2.947,"2021-05-01","5:10:00",2021-05-01 05:10:00
"321","01/05/2021 5:20",3.048,"2021-05-01","5:20:00",2021-05-01 05:20:00
"322","01/05/2021 5:30",3.141,"2021-05-01","5:30:00",2021-05-01 05:30:00
"323","01/05/2021 5:40",3.224,"2021-05-01","5:40:00",2021-05-01 05:40:00
"324","01/05/2021 5:50",3.296,"2021-05-01","5:50:00",2021-05-01 05:50:00
"325","01/05/2021 6:00",3.359,"2021-05-01","6:00:00",2021-05-01 06:00:00
"326","01/05/2021 6:10",3.41,"2021-05-01","6:10:00",2021-05-01 06:10:00
"327","01/05/2021 6:20",3.45,"2021-05-01","6:20:00",2021-05-01 06:20:00
"328","01/05/2021 6:30",3.478,"2021-05-01","6:30:00",2021-05-01 06:30:00
"329","01/05/2021 6:40",3.495,"2021-05-01","6:40:00",2021-05-01 06:40:00
"330","01/05/2021 6:50",3.5,"2021-05-01","6:50:00",2021-05-01 06:50:00
"331","01/05/2021 7:00",3.493,"2021-05-01","7:00:00",2021-05-01 07:00:00
"332","01/05/2021 7:10",3.474,"2021-05-01","7:10:00",2021-05-01 07:10:00
"333","01/05/2021 7:20",3.443,"2021-05-01","7:20:00",2021-05-01 07:20:00
"334","01/05/2021 7:30",3.401,"2021-05-01","7:30:00",2021-05-01 07:30:00
"335","01/05/2021 7:40",3.349,"2021-05-01","7:40:00",2021-05-01 07:40:00
"336","01/05/2021 7:50",3.285,"2021-05-01","7:50:00",2021-05-01 07:50:00
"337","01/05/2021 8:00",3.211,"2021-05-01","8:00:00",2021-05-01 08:00:00
"338","01/05/2021 8:10",3.128,"2021-05-01","8:10:00",2021-05-01 08:10:00
"339","01/05/2021 8:20",3.036,"2021-05-01","8:20:00",2021-05-01 08:20:00
"340","01/05/2021 8:30",2.936,"2021-05-01","8:30:00",2021-05-01 08:30:00
"341","01/05/2021 8:40",2.828,"2021-05-01","8:40:00",2021-05-01 08:40:00
"342","01/05/2021 8:50",2.714,"2021-05-01","8:50:00",2021-05-01 08:50:00
"343","01/05/2021 9:00",2.594,"2021-05-01","9:00:00",2021-05-01 09:00:00
"344","01/05/2021 9:10",2.47,"2021-05-01","9:10:00",2021-05-01 09:10:00
"345","01/05/2021 9:20",2.341,"2021-05-01","9:20:00",2021-05-01 09:20:00
"346","01/05/2021 9:30",2.211,"2021-05-01","9:30:00",2021-05-01 09:30:00
"347","01/05/2021 9:40",2.078,"2021-05-01","9:40:00",2021-05-01 09:40:00
"348","01/05/2021 9:50",1.945,"2021-05-01","9:50:00",2021-05-01 09:50:00
"349","01/05/2021 10:00",1.812,"2021-05-01","10:00:00",2021-05-01 10:00:00
"350","01/05/2021 10:10",1.68,"2021-05-01","10:10:00",2021-05-01 10:10:00
"351","01/05/2021 10:20",1.55,"2021-05-01","10:20:00",2021-05-01 10:20:00
"352","01/05/2021 10:30",1.423,"2021-05-01","10:30:00",2021-05-01 10:30:00
"353","01/05/2021 10:40",1.301,"2021-05-01","10:40:00",2021-05-01 10:40:00
"354","01/05/2021 10:50",1.183,"2021-05-01","10:50:00",2021-05-01 10:50:00
"355","01/05/2021 11:00",1.071,"2021-05-01","11:00:00",2021-05-01 11:00:00
"356","01/05/2021 11:10",0.965,"2021-05-01","11:10:00",2021-05-01 11:10:00
"357","01/05/2021 11:20",0.866,"2021-05-01","11:20:00",2021-05-01 11:20:00
"358","01/05/2021 11:30",0.775,"2021-05-01","11:30:00",2021-05-01 11:30:00
"359","01/05/2021 11:40",0.693,"2021-05-01","11:40:00",2021-05-01 11:40:00
"360","01/05/2021 11:50",0.619,"2021-05-01","11:50:00",2021-05-01 11:50:00
"361","01/05/2021 12:00",0.555,"2021-05-01","12:00:00",2021-05-01 12:00:00
"362","01/05/2021 12:10",0.501,"2021-05-01","12:10:00",2021-05-01 12:10:00
"363","01/05/2021 12:20",0.457,"2021-05-01","12:20:00",2021-05-01 12:20:00
"364","01/05/2021 12:30",0.423,"2021-05-01","12:30:00",2021-05-01 12:30:00
"365","01/05/2021 12:40",0.401,"2021-05-01","12:40:00",2021-05-01 12:40:00
"366","01/05/2021 12:50",0.389,"2021-05-01","12:50:00",2021-05-01 12:50:00
"367","01/05/2021 13:00",0.388,"2021-05-01","13:00:00",2021-05-01 13:00:00
"368","01/05/2021 13:10",0.398,"2021-05-01","13:10:00",2021-05-01 13:10:00
"369","01/05/2021 13:20",0.419,"2021-05-01","13:20:00",2021-05-01 13:20:00
"370","01/05/2021 13:30",0.451,"2021-05-01","13:30:00",2021-05-01 13:30:00
"371","01/05/2021 13:40",0.493,"2021-05-01","13:40:00",2021-05-01 13:40:00
"372","01/05/2021 13:50",0.546,"2021-05-01","13:50:00",2021-05-01 13:50:00
"373","01/05/2021 14:00",0.608,"2021-05-01","14:00:00",2021-05-01 14:00:00
"374","01/05/2021 14:10",0.679,"2021-05-01","14:10:00",2021-05-01 14:10:00
"375","01/05/2021 14:20",0.759,"2021-05-01","14:20:00",2021-05-01 14:20:00
"376","01/05/2021 14:30",0.847,"2021-05-01","14:30:00",2021-05-01 14:30:00
"377","01/05/2021 14:40",0.943,"2021-05-01","14:40:00",2021-05-01 14:40:00
"378","01/05/2021 14:50",1.046,"2021-05-01","14:50:00",2021-05-01 14:50:00
"379","01/05/2021 15:00",1.156,"2021-05-01","15:00:00",2021-05-01 15:00:00
"380","01/05/2021 15:10",1.27,"2021-05-01","15:10:00",2021-05-01 15:10:00
"381","01/05/2021 15:20",1.389,"2021-05-01","15:20:00",2021-05-01 15:20:00
"382","01/05/2021 15:30",1.513,"2021-05-01","15:30:00",2021-05-01 15:30:00
"383","01/05/2021 15:40",1.639,"2021-05-01","15:40:00",2021-05-01 15:40:00
"384","01/05/2021 15:50",1.767,"2021-05-01","15:50:00",2021-05-01 15:50:00
"385","01/05/2021 16:00",1.897,"2021-05-01","16:00:00",2021-05-01 16:00:00
"386","01/05/2021 16:10",2.026,"2021-05-01","16:10:00",2021-05-01 16:10:00
"387","01/05/2021 16:20",2.156,"2021-05-01","16:20:00",2021-05-01 16:20:00
"388","01/05/2021 16:30",2.283,"2021-05-01","16:30:00",2021-05-01 16:30:00
"389","01/05/2021 16:40",2.409,"2021-05-01","16:40:00",2021-05-01 16:40:00
"390","01/05/2021 16:50",2.53,"2021-05-01","16:50:00",2021-05-01 16:50:00
"391","01/05/2021 17:00",2.648,"2021-05-01","17:00:00",2021-05-01 17:00:00
"392","01/05/2021 17:10",2.76,"2021-05-01","17:10:00",2021-05-01 17:10:00
"393","01/05/2021 17:20",2.867,"2021-05-01","17:20:00",2021-05-01 17:20:00
"394","01/05/2021 17:30",2.967,"2021-05-01","17:30:00",2021-05-01 17:30:00
"395","01/05/2021 17:40",3.059,"2021-05-01","17:40:00",2021-05-01 17:40:00
"396","01/05/2021 17:50",3.143,"2021-05-01","17:50:00",2021-05-01 17:50:00
"397","01/05/2021 18:00",3.219,"2021-05-01","18:00:00",2021-05-01 18:00:00
"398","01/05/2021 18:10",3.285,"2021-05-01","18:10:00",2021-05-01 18:10:00
"399","01/05/2021 18:20",3.341,"2021-05-01","18:20:00",2021-05-01 18:20:00
"400","01/05/2021 18:30",3.387,"2021-05-01","18:30:00",2021-05-01 18:30:00
"401","01/05/2021 18:40",3.422,"2021-05-01","18:40:00",2021-05-01 18:40:00
"402","01/05/2021 18:50",3.447,"2021-05-01","18:50:00",2021-05-01 18:50:00
"403","01/05/2021 19:00",3.46,"2021-05-01","19:00:00",2021-05-01 19:00:00
"404","01/05/2021 19:10",3.463,"2021-05-01","19:10:00",2021-05-01 19:10:00
"405","01/05/2021 19:20",3.454,"2021-05-01","19:20:00",2021-05-01 19:20:00
"406","01/05/2021 19:30",3.434,"2021-05-01","19:30:00",2021-05-01 19:30:00
"407","01/05/2021 19:40",3.402,"2021-05-01","19:40:00",2021-05-01 19:40:00
"408","01/05/2021 19:50",3.36,"2021-05-01","19:50:00",2021-05-01 19:50:00
"409","01/05/2021 20:00",3.307,"2021-05-01","20:00:00",2021-05-01 20:00:00
"410","01/05/2021 20:10",3.243,"2021-05-01","20:10:00",2021-05-01 20:10:00
"411","01/05/2021 20:20",3.17,"2021-05-01","20:20:00",2021-05-01 20:20:00
"412","01/05/2021 20:30",3.087,"2021-05-01","20:30:00",2021-05-01 20:30:00
"413","01/05/2021 20:40",2.995,"2021-05-01","20:40:00",2021-05-01 20:40:00
"414","01/05/2021 20:50",2.896,"2021-05-01","20:50:00",2021-05-01 20:50:00
"415","01/05/2021 21:00",2.788,"2021-05-01","21:00:00",2021-05-01 21:00:00
"416","01/05/2021 21:10",2.674,"2021-05-01","21:10:00",2021-05-01 21:10:00
"417","01/05/2021 21:20",2.554,"2021-05-01","21:20:00",2021-05-01 21:20:00
"418","01/05/2021 21:30",2.429,"2021-05-01","21:30:00",2021-05-01 21:30:00
"419","01/05/2021 21:40",2.3,"2021-05-01","21:40:00",2021-05-01 21:40:00
"420","01/05/2021 21:50",2.168,"2021-05-01","21:50:00",2021-05-01 21:50:00
"421","01/05/2021 22:00",2.034,"2021-05-01","22:00:00",2021-05-01 22:00:00
"422","01/05/2021 22:10",1.899,"2021-05-01","22:10:00",2021-05-01 22:10:00
"423","01/05/2021 22:20",1.764,"2021-05-01","22:20:00",2021-05-01 22:20:00
"424","01/05/2021 22:30",1.629,"2021-05-01","22:30:00",2021-05-01 22:30:00
"425","01/05/2021 22:40",1.497,"2021-05-01","22:40:00",2021-05-01 22:40:00
"426","01/05/2021 22:50",1.367,"2021-05-01","22:50:00",2021-05-01 22:50:00
"427","01/05/2021 23:00",1.241,"2021-05-01","23:00:00",2021-05-01 23:00:00
"428","01/05/2021 23:10",1.119,"2021-05-01","23:10:00",2021-05-01 23:10:00
"429","01/05/2021 23:20",1.003,"2021-05-01","23:20:00",2021-05-01 23:20:00
"430","01/05/2021 23:30",0.892,"2021-05-01","23:30:00",2021-05-01 23:30:00
"431","01/05/2021 23:40",0.788,"2021-05-01","23:40:00",2021-05-01 23:40:00
"432","01/05/2021 23:50",0.691,"2021-05-01","23:50:00",2021-05-01 23:50:00
"433","02/05/2021 0:00",0.603,"2021-05-02","0:00:00",2021-05-02 00:00:00
"434","02/05/2021 0:10",0.522,"2021-05-02","0:10:00",2021-05-02 00:10:00
"435","02/05/2021 0:20",0.451,"2021-05-02","0:20:00",2021-05-02 00:20:00
"436","02/05/2021 0:30",0.389,"2021-05-02","0:30:00",2021-05-02 00:30:00
"437","02/05/2021 0:40",0.337,"2021-05-02","0:40:00",2021-05-02 00:40:00
"438","02/05/2021 0:50",0.295,"2021-05-02","0:50:00",2021-05-02 00:50:00
"439","02/05/2021 1:00",0.263,"2021-05-02","1:00:00",2021-05-02 01:00:00
"440","02/05/2021 1:10",0.242,"2021-05-02","1:10:00",2021-05-02 01:10:00
"441","02/05/2021 1:20",0.231,"2021-05-02","1:20:00",2021-05-02 01:20:00
"442","02/05/2021 1:30",0.232,"2021-05-02","1:30:00",2021-05-02 01:30:00
"443","02/05/2021 1:40",0.243,"2021-05-02","1:40:00",2021-05-02 01:40:00
"444","02/05/2021 1:50",0.265,"2021-05-02","1:50:00",2021-05-02 01:50:00
"445","02/05/2021 2:00",0.297,"2021-05-02","2:00:00",2021-05-02 02:00:00
"446","02/05/2021 2:10",0.339,"2021-05-02","2:10:00",2021-05-02 02:10:00
"447","02/05/2021 2:20",0.392,"2021-05-02","2:20:00",2021-05-02 02:20:00
"448","02/05/2021 2:30",0.454,"2021-05-02","2:30:00",2021-05-02 02:30:00
"449","02/05/2021 2:40",0.525,"2021-05-02","2:40:00",2021-05-02 02:40:00
"450","02/05/2021 2:50",0.605,"2021-05-02","2:50:00",2021-05-02 02:50:00
"451","02/05/2021 3:00",0.693,"2021-05-02","3:00:00",2021-05-02 03:00:00
"452","02/05/2021 3:10",0.789,"2021-05-02","3:10:00",2021-05-02 03:10:00
"453","02/05/2021 3:20",0.891,"2021-05-02","3:20:00",2021-05-02 03:20:00
"454","02/05/2021 3:30",0.999,"2021-05-02","3:30:00",2021-05-02 03:30:00
"455","02/05/2021 3:40",1.112,"2021-05-02","3:40:00",2021-05-02 03:40:00
"456","02/05/2021 3:50",1.23,"2021-05-02","3:50:00",2021-05-02 03:50:00
"457","02/05/2021 4:00",1.352,"2021-05-02","4:00:00",2021-05-02 04:00:00
"458","02/05/2021 4:10",1.476,"2021-05-02","4:10:00",2021-05-02 04:10:00
"459","02/05/2021 4:20",1.602,"2021-05-02","4:20:00",2021-05-02 04:20:00
"460","02/05/2021 4:30",1.73,"2021-05-02","4:30:00",2021-05-02 04:30:00
"461","02/05/2021 4:40",1.857,"2021-05-02","4:40:00",2021-05-02 04:40:00
"462","02/05/2021 4:50",1.984,"2021-05-02","4:50:00",2021-05-02 04:50:00
"463","02/05/2021 5:00",2.11,"2021-05-02","5:00:00",2021-05-02 05:00:00
"464","02/05/2021 5:10",2.233,"2021-05-02","5:10:00",2021-05-02 05:10:00
"465","02/05/2021 5:20",2.353,"2021-05-02","5:20:00",2021-05-02 05:20:00
"466","02/05/2021 5:30",2.47,"2021-05-02","5:30:00",2021-05-02 05:30:00
"467","02/05/2021 5:40",2.581,"2021-05-02","5:40:00",2021-05-02 05:40:00
"468","02/05/2021 5:50",2.687,"2021-05-02","5:50:00",2021-05-02 05:50:00
"469","02/05/2021 6:00",2.787,"2021-05-02","6:00:00",2021-05-02 06:00:00
"470","02/05/2021 6:10",2.879,"2021-05-02","6:10:00",2021-05-02 06:10:00
"471","02/05/2021 6:20",2.964,"2021-05-02","6:20:00",2021-05-02 06:20:00
"472","02/05/2021 6:30",3.042,"2021-05-02","6:30:00",2021-05-02 06:30:00
"473","02/05/2021 6:40",3.11,"2021-05-02","6:40:00",2021-05-02 06:40:00
"474","02/05/2021 6:50",3.169,"2021-05-02","6:50:00",2021-05-02 06:50:00
"475","02/05/2021 7:00",3.219,"2021-05-02","7:00:00",2021-05-02 07:00:00
"476","02/05/2021 7:10",3.259,"2021-05-02","7:10:00",2021-05-02 07:10:00
"477","02/05/2021 7:20",3.289,"2021-05-02","7:20:00",2021-05-02 07:20:00
"478","02/05/2021 7:30",3.309,"2021-05-02","7:30:00",2021-05-02 07:30:00
"479","02/05/2021 7:40",3.318,"2021-05-02","7:40:00",2021-05-02 07:40:00
"480","02/05/2021 7:50",3.318,"2021-05-02","7:50:00",2021-05-02 07:50:00
"481","02/05/2021 8:00",3.306,"2021-05-02","8:00:00",2021-05-02 08:00:00
"482","02/05/2021 8:10",3.285,"2021-05-02","8:10:00",2021-05-02 08:10:00
"483","02/05/2021 8:20",3.253,"2021-05-02","8:20:00",2021-05-02 08:20:00
"484","02/05/2021 8:30",3.212,"2021-05-02","8:30:00",2021-05-02 08:30:00
"485","02/05/2021 8:40",3.161,"2021-05-02","8:40:00",2021-05-02 08:40:00
"486","02/05/2021 8:50",3.101,"2021-05-02","8:50:00",2021-05-02 08:50:00
"487","02/05/2021 9:00",3.033,"2021-05-02","9:00:00",2021-05-02 09:00:00
"488","02/05/2021 9:10",2.957,"2021-05-02","9:10:00",2021-05-02 09:10:00
"489","02/05/2021 9:20",2.873,"2021-05-02","9:20:00",2021-05-02 09:20:00
"490","02/05/2021 9:30",2.783,"2021-05-02","9:30:00",2021-05-02 09:30:00
"491","02/05/2021 9:40",2.686,"2021-05-02","9:40:00",2021-05-02 09:40:00
"492","02/05/2021 9:50",2.585,"2021-05-02","9:50:00",2021-05-02 09:50:00
"493","02/05/2021 10:00",2.479,"2021-05-02","10:00:00",2021-05-02 10:00:00
"494","02/05/2021 10:10",2.369,"2021-05-02","10:10:00",2021-05-02 10:10:00
"495","02/05/2021 10:20",2.256,"2021-05-02","10:20:00",2021-05-02 10:20:00
"496","02/05/2021 10:30",2.142,"2021-05-02","10:30:00",2021-05-02 10:30:00
"497","02/05/2021 10:40",2.026,"2021-05-02","10:40:00",2021-05-02 10:40:00
"498","02/05/2021 10:50",1.91,"2021-05-02","10:50:00",2021-05-02 10:50:00
"499","02/05/2021 11:00",1.794,"2021-05-02","11:00:00",2021-05-02 11:00:00
"500","02/05/2021 11:10",1.68,"2021-05-02","11:10:00",2021-05-02 11:10:00
"501","02/05/2021 11:20",1.568,"2021-05-02","11:20:00",2021-05-02 11:20:00
"502","02/05/2021 11:30",1.459,"2021-05-02","11:30:00",2021-05-02 11:30:00
"503","02/05/2021 11:40",1.353,"2021-05-02","11:40:00",2021-05-02 11:40:00
"504","02/05/2021 11:50",1.252,"2021-05-02","11:50:00",2021-05-02 11:50:00
"505","02/05/2021 12:00",1.156,"2021-05-02","12:00:00",2021-05-02 12:00:00
"506","02/05/2021 12:10",1.066,"2021-05-02","12:10:00",2021-05-02 12:10:00
"507","02/05/2021 12:20",0.982,"2021-05-02","12:20:00",2021-05-02 12:20:00
"508","02/05/2021 12:30",0.905,"2021-05-02","12:30:00",2021-05-02 12:30:00
"509","02/05/2021 12:40",0.836,"2021-05-02","12:40:00",2021-05-02 12:40:00
"510","02/05/2021 12:50",0.775,"2021-05-02","12:50:00",2021-05-02 12:50:00
"511","02/05/2021 13:00",0.722,"2021-05-02","13:00:00",2021-05-02 13:00:00
"512","02/05/2021 13:10",0.677,"2021-05-02","13:10:00",2021-05-02 13:10:00
"513","02/05/2021 13:20",0.642,"2021-05-02","13:20:00",2021-05-02 13:20:00
"514","02/05/2021 13:30",0.616,"2021-05-02","13:30:00",2021-05-02 13:30:00
"515","02/05/2021 13:40",0.599,"2021-05-02","13:40:00",2021-05-02 13:40:00
"516","02/05/2021 13:50",0.592,"2021-05-02","13:50:00",2021-05-02 13:50:00
"517","02/05/2021 14:00",0.595,"2021-05-02","14:00:00",2021-05-02 14:00:00
"518","02/05/2021 14:10",0.606,"2021-05-02","14:10:00",2021-05-02 14:10:00
"519","02/05/2021 14:20",0.628,"2021-05-02","14:20:00",2021-05-02 14:20:00
"520","02/05/2021 14:30",0.658,"2021-05-02","14:30:00",2021-05-02 14:30:00
"521","02/05/2021 14:40",0.697,"2021-05-02","14:40:00",2021-05-02 14:40:00
"522","02/05/2021 14:50",0.745,"2021-05-02","14:50:00",2021-05-02 14:50:00
"523","02/05/2021 15:00",0.802,"2021-05-02","15:00:00",2021-05-02 15:00:00
"524","02/05/2021 15:10",0.866,"2021-05-02","15:10:00",2021-05-02 15:10:00
"525","02/05/2021 15:20",0.937,"2021-05-02","15:20:00",2021-05-02 15:20:00
"526","02/05/2021 15:30",1.016,"2021-05-02","15:30:00",2021-05-02 15:30:00
"527","02/05/2021 15:40",1.1,"2021-05-02","15:40:00",2021-05-02 15:40:00
"528","02/05/2021 15:50",1.191,"2021-05-02","15:50:00",2021-05-02 15:50:00
"529","02/05/2021 16:00",1.286,"2021-05-02","16:00:00",2021-05-02 16:00:00
"530","02/05/2021 16:10",1.386,"2021-05-02","16:10:00",2021-05-02 16:10:00
"531","02/05/2021 16:20",1.489,"2021-05-02","16:20:00",2021-05-02 16:20:00
"532","02/05/2021 16:30",1.596,"2021-05-02","16:30:00",2021-05-02 16:30:00
"533","02/05/2021 16:40",1.705,"2021-05-02","16:40:00",2021-05-02 16:40:00
"534","02/05/2021 16:50",1.815,"2021-05-02","16:50:00",2021-05-02 16:50:00
"535","02/05/2021 17:00",1.926,"2021-05-02","17:00:00",2021-05-02 17:00:00
"536","02/05/2021 17:10",2.037,"2021-05-02","17:10:00",2021-05-02 17:10:00
"537","02/05/2021 17:20",2.147,"2021-05-02","17:20:00",2021-05-02 17:20:00
"538","02/05/2021 17:30",2.256,"2021-05-02","17:30:00",2021-05-02 17:30:00
"539","02/05/2021 17:40",2.362,"2021-05-02","17:40:00",2021-05-02 17:40:00
"540","02/05/2021 17:50",2.464,"2021-05-02","17:50:00",2021-05-02 17:50:00
"541","02/05/2021 18:00",2.563,"2021-05-02","18:00:00",2021-05-02 18:00:00
"542","02/05/2021 18:10",2.657,"2021-05-02","18:10:00",2021-05-02 18:10:00
"543","02/05/2021 18:20",2.746,"2021-05-02","18:20:00",2021-05-02 18:20:00
"544","02/05/2021 18:30",2.828,"2021-05-02","18:30:00",2021-05-02 18:30:00
"545","02/05/2021 18:40",2.904,"2021-05-02","18:40:00",2021-05-02 18:40:00
"546","02/05/2021 18:50",2.972,"2021-05-02","18:50:00",2021-05-02 18:50:00
"547","02/05/2021 19:00",3.033,"2021-05-02","19:00:00",2021-05-02 19:00:00
"548","02/05/2021 19:10",3.086,"2021-05-02","19:10:00",2021-05-02 19:10:00
"549","02/05/2021 19:20",3.13,"2021-05-02","19:20:00",2021-05-02 19:20:00
"550","02/05/2021 19:30",3.165,"2021-05-02","19:30:00",2021-05-02 19:30:00
"551","02/05/2021 19:40",3.191,"2021-05-02","19:40:00",2021-05-02 19:40:00
"552","02/05/2021 19:50",3.208,"2021-05-02","19:50:00",2021-05-02 19:50:00
"553","02/05/2021 20:00",3.215,"2021-05-02","20:00:00",2021-05-02 20:00:00
"554","02/05/2021 20:10",3.213,"2021-05-02","20:10:00",2021-05-02 20:10:00
"555","02/05/2021 20:20",3.201,"2021-05-02","20:20:00",2021-05-02 20:20:00
"556","02/05/2021 20:30",3.179,"2021-05-02","20:30:00",2021-05-02 20:30:00
"557","02/05/2021 20:40",3.148,"2021-05-02","20:40:00",2021-05-02 20:40:00
"558","02/05/2021 20:50",3.108,"2021-05-02","20:50:00",2021-05-02 20:50:00
"559","02/05/2021 21:00",3.059,"2021-05-02","21:00:00",2021-05-02 21:00:00
"560","02/05/2021 21:10",3.002,"2021-05-02","21:10:00",2021-05-02 21:10:00
"561","02/05/2021 21:20",2.936,"2021-05-02","21:20:00",2021-05-02 21:20:00
"562","02/05/2021 21:30",2.862,"2021-05-02","21:30:00",2021-05-02 21:30:00
"563","02/05/2021 21:40",2.781,"2021-05-02","21:40:00",2021-05-02 21:40:00
"564","02/05/2021 21:50",2.693,"2021-05-02","21:50:00",2021-05-02 21:50:00
"565","02/05/2021 22:00",2.599,"2021-05-02","22:00:00",2021-05-02 22:00:00
"566","02/05/2021 22:10",2.5,"2021-05-02","22:10:00",2021-05-02 22:10:00
"567","02/05/2021 22:20",2.397,"2021-05-02","22:20:00",2021-05-02 22:20:00
"568","02/05/2021 22:30",2.289,"2021-05-02","22:30:00",2021-05-02 22:30:00
"569","02/05/2021 22:40",2.179,"2021-05-02","22:40:00",2021-05-02 22:40:00
"570","02/05/2021 22:50",2.066,"2021-05-02","22:50:00",2021-05-02 22:50:00
"571","02/05/2021 23:00",1.952,"2021-05-02","23:00:00",2021-05-02 23:00:00
"572","02/05/2021 23:10",1.837,"2021-05-02","23:10:00",2021-05-02 23:10:00
"573","02/05/2021 23:20",1.723,"2021-05-02","23:20:00",2021-05-02 23:20:00
"574","02/05/2021 23:30",1.609,"2021-05-02","23:30:00",2021-05-02 23:30:00
"575","02/05/2021 23:40",1.498,"2021-05-02","23:40:00",2021-05-02 23:40:00
"576","02/05/2021 23:50",1.389,"2021-05-02","23:50:00",2021-05-02 23:50:00
"577","03/05/2021 0:00",1.283,"2021-05-03","0:00:00",2021-05-03 00:00:00
"578","03/05/2021 0:10",1.181,"2021-05-03","0:10:00",2021-05-03 00:10:00
"579","03/05/2021 0:20",1.084,"2021-05-03","0:20:00",2021-05-03 00:20:00
"580","03/05/2021 0:30",0.992,"2021-05-03","0:30:00",2021-05-03 00:30:00
"581","03/05/2021 0:40",0.906,"2021-05-03","0:40:00",2021-05-03 00:40:00
"582","03/05/2021 0:50",0.826,"2021-05-03","0:50:00",2021-05-03 00:50:00
"583","03/05/2021 1:00",0.753,"2021-05-03","1:00:00",2021-05-03 01:00:00
"584","03/05/2021 1:10",0.687,"2021-05-03","1:10:00",2021-05-03 01:10:00
"585","03/05/2021 1:20",0.628,"2021-05-03","1:20:00",2021-05-03 01:20:00
"586","03/05/2021 1:30",0.578,"2021-05-03","1:30:00",2021-05-03 01:30:00
"587","03/05/2021 1:40",0.536,"2021-05-03","1:40:00",2021-05-03 01:40:00
"588","03/05/2021 1:50",0.503,"2021-05-03","1:50:00",2021-05-03 01:50:00
"589","03/05/2021 2:00",0.479,"2021-05-03","2:00:00",2021-05-03 02:00:00
"590","03/05/2021 2:10",0.464,"2021-05-03","2:10:00",2021-05-03 02:10:00
"591","03/05/2021 2:20",0.458,"2021-05-03","2:20:00",2021-05-03 02:20:00
"592","03/05/2021 2:30",0.461,"2021-05-03","2:30:00",2021-05-03 02:30:00
"593","03/05/2021 2:40",0.473,"2021-05-03","2:40:00",2021-05-03 02:40:00
"594","03/05/2021 2:50",0.495,"2021-05-03","2:50:00",2021-05-03 02:50:00
"595","03/05/2021 3:00",0.525,"2021-05-03","3:00:00",2021-05-03 03:00:00
"596","03/05/2021 3:10",0.564,"2021-05-03","3:10:00",2021-05-03 03:10:00
"597","03/05/2021 3:20",0.612,"2021-05-03","3:20:00",2021-05-03 03:20:00
"598","03/05/2021 3:30",0.667,"2021-05-03","3:30:00",2021-05-03 03:30:00
"599","03/05/2021 3:40",0.731,"2021-05-03","3:40:00",2021-05-03 03:40:00
"600","03/05/2021 3:50",0.801,"2021-05-03","3:50:00",2021-05-03 03:50:00
"601","03/05/2021 4:00",0.878,"2021-05-03","4:00:00",2021-05-03 04:00:00
"602","03/05/2021 4:10",0.961,"2021-05-03","4:10:00",2021-05-03 04:10:00
"603","03/05/2021 4:20",1.05,"2021-05-03","4:20:00",2021-05-03 04:20:00
"604","03/05/2021 4:30",1.144,"2021-05-03","4:30:00",2021-05-03 04:30:00
"605","03/05/2021 4:40",1.242,"2021-05-03","4:40:00",2021-05-03 04:40:00
"606","03/05/2021 4:50",1.344,"2021-05-03","4:50:00",2021-05-03 04:50:00
"607","03/05/2021 5:00",1.449,"2021-05-03","5:00:00",2021-05-03 05:00:00
"608","03/05/2021 5:10",1.556,"2021-05-03","5:10:00",2021-05-03 05:10:00
"609","03/05/2021 5:20",1.665,"2021-05-03","5:20:00",2021-05-03 05:20:00
"610","03/05/2021 5:30",1.775,"2021-05-03","5:30:00",2021-05-03 05:30:00
"611","03/05/2021 5:40",1.884,"2021-05-03","5:40:00",2021-05-03 05:40:00
"612","03/05/2021 5:50",1.994,"2021-05-03","5:50:00",2021-05-03 05:50:00
"613","03/05/2021 6:00",2.101,"2021-05-03","6:00:00",2021-05-03 06:00:00
"614","03/05/2021 6:10",2.207,"2021-05-03","6:10:00",2021-05-03 06:10:00
"615","03/05/2021 6:20",2.31,"2021-05-03","6:20:00",2021-05-03 06:20:00
"616","03/05/2021 6:30",2.41,"2021-05-03","6:30:00",2021-05-03 06:30:00
"617","03/05/2021 6:40",2.505,"2021-05-03","6:40:00",2021-05-03 06:40:00
"618","03/05/2021 6:50",2.596,"2021-05-03","6:50:00",2021-05-03 06:50:00
"619","03/05/2021 7:00",2.682,"2021-05-03","7:00:00",2021-05-03 07:00:00
"620","03/05/2021 7:10",2.761,"2021-05-03","7:10:00",2021-05-03 07:10:00
"621","03/05/2021 7:20",2.834,"2021-05-03","7:20:00",2021-05-03 07:20:00
"622","03/05/2021 7:30",2.9,"2021-05-03","7:30:00",2021-05-03 07:30:00
"623","03/05/2021 7:40",2.958,"2021-05-03","7:40:00",2021-05-03 07:40:00
"624","03/05/2021 7:50",3.009,"2021-05-03","7:50:00",2021-05-03 07:50:00
"625","03/05/2021 8:00",3.051,"2021-05-03","8:00:00",2021-05-03 08:00:00
"626","03/05/2021 8:10",3.086,"2021-05-03","8:10:00",2021-05-03 08:10:00
"627","03/05/2021 8:20",3.111,"2021-05-03","8:20:00",2021-05-03 08:20:00
"628","03/05/2021 8:30",3.128,"2021-05-03","8:30:00",2021-05-03 08:30:00
"629","03/05/2021 8:40",3.136,"2021-05-03","8:40:00",2021-05-03 08:40:00
"630","03/05/2021 8:50",3.135,"2021-05-03","8:50:00",2021-05-03 08:50:00
"631","03/05/2021 9:00",3.126,"2021-05-03","9:00:00",2021-05-03 09:00:00
"632","03/05/2021 9:10",3.107,"2021-05-03","9:10:00",2021-05-03 09:10:00
"633","03/05/2021 9:20",3.081,"2021-05-03","9:20:00",2021-05-03 09:20:00
"634","03/05/2021 9:30",3.046,"2021-05-03","9:30:00",2021-05-03 09:30:00
"635","03/05/2021 9:40",3.003,"2021-05-03","9:40:00",2021-05-03 09:40:00
"636","03/05/2021 9:50",2.952,"2021-05-03","9:50:00",2021-05-03 09:50:00
"637","03/05/2021 10:00",2.894,"2021-05-03","10:00:00",2021-05-03 10:00:00
"638","03/05/2021 10:10",2.829,"2021-05-03","10:10:00",2021-05-03 10:10:00
"639","03/05/2021 10:20",2.758,"2021-05-03","10:20:00",2021-05-03 10:20:00
"640","03/05/2021 10:30",2.681,"2021-05-03","10:30:00",2021-05-03 10:30:00
"641","03/05/2021 10:40",2.599,"2021-05-03","10:40:00",2021-05-03 10:40:00
"642","03/05/2021 10:50",2.512,"2021-05-03","10:50:00",2021-05-03 10:50:00
"643","03/05/2021 11:00",2.422,"2021-05-03","11:00:00",2021-05-03 11:00:00
"644","03/05/2021 11:10",2.328,"2021-05-03","11:10:00",2021-05-03 11:10:00
"645","03/05/2021 11:20",2.232,"2021-05-03","11:20:00",2021-05-03 11:20:00
"646","03/05/2021 11:30",2.134,"2021-05-03","11:30:00",2021-05-03 11:30:00
"647","03/05/2021 11:40",2.034,"2021-05-03","11:40:00",2021-05-03 11:40:00
"648","03/05/2021 11:50",1.935,"2021-05-03","11:50:00",2021-05-03 11:50:00
"649","03/05/2021 12:00",1.835,"2021-05-03","12:00:00",2021-05-03 12:00:00
"650","03/05/2021 12:10",1.737,"2021-05-03","12:10:00",2021-05-03 12:10:00
"651","03/05/2021 12:20",1.641,"2021-05-03","12:20:00",2021-05-03 12:20:00
"652","03/05/2021 12:30",1.546,"2021-05-03","12:30:00",2021-05-03 12:30:00
"653","03/05/2021 12:40",1.455,"2021-05-03","12:40:00",2021-05-03 12:40:00
"654","03/05/2021 12:50",1.368,"2021-05-03","12:50:00",2021-05-03 12:50:00
"655","03/05/2021 13:00",1.285,"2021-05-03","13:00:00",2021-05-03 13:00:00
"656","03/05/2021 13:10",1.207,"2021-05-03","13:10:00",2021-05-03 13:10:00
"657","03/05/2021 13:20",1.134,"2021-05-03","13:20:00",2021-05-03 13:20:00
"658","03/05/2021 13:30",1.067,"2021-05-03","13:30:00",2021-05-03 13:30:00
"659","03/05/2021 13:40",1.006,"2021-05-03","13:40:00",2021-05-03 13:40:00
"660","03/05/2021 13:50",0.952,"2021-05-03","13:50:00",2021-05-03 13:50:00
"661","03/05/2021 14:00",0.906,"2021-05-03","14:00:00",2021-05-03 14:00:00
"662","03/05/2021 14:10",0.867,"2021-05-03","14:10:00",2021-05-03 14:10:00
"663","03/05/2021 14:20",0.835,"2021-05-03","14:20:00",2021-05-03 14:20:00
"664","03/05/2021 14:30",0.811,"2021-05-03","14:30:00",2021-05-03 14:30:00
"665","03/05/2021 14:40",0.796,"2021-05-03","14:40:00",2021-05-03 14:40:00
"666","03/05/2021 14:50",0.788,"2021-05-03","14:50:00",2021-05-03 14:50:00
"667","03/05/2021 15:00",0.788,"2021-05-03","15:00:00",2021-05-03 15:00:00
"668","03/05/2021 15:10",0.797,"2021-05-03","15:10:00",2021-05-03 15:10:00
"669","03/05/2021 15:20",0.813,"2021-05-03","15:20:00",2021-05-03 15:20:00
"670","03/05/2021 15:30",0.837,"2021-05-03","15:30:00",2021-05-03 15:30:00
"671","03/05/2021 15:40",0.869,"2021-05-03","15:40:00",2021-05-03 15:40:00
"672","03/05/2021 15:50",0.908,"2021-05-03","15:50:00",2021-05-03 15:50:00
"673","03/05/2021 16:00",0.954,"2021-05-03","16:00:00",2021-05-03 16:00:00
"674","03/05/2021 16:10",1.007,"2021-05-03","16:10:00",2021-05-03 16:10:00
"675","03/05/2021 16:20",1.066,"2021-05-03","16:20:00",2021-05-03 16:20:00
"676","03/05/2021 16:30",1.131,"2021-05-03","16:30:00",2021-05-03 16:30:00
"677","03/05/2021 16:40",1.201,"2021-05-03","16:40:00",2021-05-03 16:40:00
"678","03/05/2021 16:50",1.276,"2021-05-03","16:50:00",2021-05-03 16:50:00
"679","03/05/2021 17:00",1.355,"2021-05-03","17:00:00",2021-05-03 17:00:00
"680","03/05/2021 17:10",1.439,"2021-05-03","17:10:00",2021-05-03 17:10:00
"681","03/05/2021 17:20",1.525,"2021-05-03","17:20:00",2021-05-03 17:20:00
"682","03/05/2021 17:30",1.614,"2021-05-03","17:30:00",2021-05-03 17:30:00
"683","03/05/2021 17:40",1.705,"2021-05-03","17:40:00",2021-05-03 17:40:00
"684","03/05/2021 17:50",1.798,"2021-05-03","17:50:00",2021-05-03 17:50:00
"685","03/05/2021 18:00",1.891,"2021-05-03","18:00:00",2021-05-03 18:00:00
"686","03/05/2021 18:10",1.984,"2021-05-03","18:10:00",2021-05-03 18:10:00
"687","03/05/2021 18:20",2.076,"2021-05-03","18:20:00",2021-05-03 18:20:00
"688","03/05/2021 18:30",2.167,"2021-05-03","18:30:00",2021-05-03 18:30:00
"689","03/05/2021 18:40",2.257,"2021-05-03","18:40:00",2021-05-03 18:40:00
"690","03/05/2021 18:50",2.343,"2021-05-03","18:50:00",2021-05-03 18:50:00
"691","03/05/2021 19:00",2.426,"2021-05-03","19:00:00",2021-05-03 19:00:00
"692","03/05/2021 19:10",2.505,"2021-05-03","19:10:00",2021-05-03 19:10:00
"693","03/05/2021 19:20",2.58,"2021-05-03","19:20:00",2021-05-03 19:20:00
"694","03/05/2021 19:30",2.649,"2021-05-03","19:30:00",2021-05-03 19:30:00
"695","03/05/2021 19:40",2.714,"2021-05-03","19:40:00",2021-05-03 19:40:00
"696","03/05/2021 19:50",2.772,"2021-05-03","19:50:00",2021-05-03 19:50:00
"697","03/05/2021 20:00",2.824,"2021-05-03","20:00:00",2021-05-03 20:00:00
"698","03/05/2021 20:10",2.869,"2021-05-03","20:10:00",2021-05-03 20:10:00
"699","03/05/2021 20:20",2.906,"2021-05-03","20:20:00",2021-05-03 20:20:00
"700","03/05/2021 20:30",2.937,"2021-05-03","20:30:00",2021-05-03 20:30:00
"701","03/05/2021 20:40",2.96,"2021-05-03","20:40:00",2021-05-03 20:40:00
"702","03/05/2021 20:50",2.975,"2021-05-03","20:50:00",2021-05-03 20:50:00
"703","03/05/2021 21:00",2.983,"2021-05-03","21:00:00",2021-05-03 21:00:00
"704","03/05/2021 21:10",2.982,"2021-05-03","21:10:00",2021-05-03 21:10:00
"705","03/05/2021 21:20",2.974,"2021-05-03","21:20:00",2021-05-03 21:20:00
"706","03/05/2021 21:30",2.958,"2021-05-03","21:30:00",2021-05-03 21:30:00
"707","03/05/2021 21:40",2.933,"2021-05-03","21:40:00",2021-05-03 21:40:00
"708","03/05/2021 21:50",2.901,"2021-05-03","21:50:00",2021-05-03 21:50:00
"709","03/05/2021 22:00",2.862,"2021-05-03","22:00:00",2021-05-03 22:00:00
"710","03/05/2021 22:10",2.815,"2021-05-03","22:10:00",2021-05-03 22:10:00
"711","03/05/2021 22:20",2.761,"2021-05-03","22:20:00",2021-05-03 22:20:00
"712","03/05/2021 22:30",2.701,"2021-05-03","22:30:00",2021-05-03 22:30:00
"713","03/05/2021 22:40",2.634,"2021-05-03","22:40:00",2021-05-03 22:40:00
"714","03/05/2021 22:50",2.562,"2021-05-03","22:50:00",2021-05-03 22:50:00
"715","03/05/2021 23:00",2.485,"2021-05-03","23:00:00",2021-05-03 23:00:00
"716","03/05/2021 23:10",2.403,"2021-05-03","23:10:00",2021-05-03 23:10:00
"717","03/05/2021 23:20",2.317,"2021-05-03","23:20:00",2021-05-03 23:20:00
"718","03/05/2021 23:30",2.228,"2021-05-03","23:30:00",2021-05-03 23:30:00
"719","03/05/2021 23:40",2.137,"2021-05-03","23:40:00",2021-05-03 23:40:00
"720","03/05/2021 23:50",2.043,"2021-05-03","23:50:00",2021-05-03 23:50:00
"721","04/05/2021 0:00",1.948,"2021-05-04","0:00:00",2021-05-04 00:00:00
"722","04/05/2021 0:10",1.852,"2021-05-04","0:10:00",2021-05-04 00:10:00
"723","04/05/2021 0:20",1.756,"2021-05-04","0:20:00",2021-05-04 00:20:00
"724","04/05/2021 0:30",1.661,"2021-05-04","0:30:00",2021-05-04 00:30:00
"725","04/05/2021 0:40",1.568,"2021-05-04","0:40:00",2021-05-04 00:40:00
"726","04/05/2021 0:50",1.476,"2021-05-04","0:50:00",2021-05-04 00:50:00
"727","04/05/2021 1:00",1.386,"2021-05-04","1:00:00",2021-05-04 01:00:00
"728","04/05/2021 1:10",1.3,"2021-05-04","1:10:00",2021-05-04 01:10:00
"729","04/05/2021 1:20",1.217,"2021-05-04","1:20:00",2021-05-04 01:20:00
"730","04/05/2021 1:30",1.139,"2021-05-04","1:30:00",2021-05-04 01:30:00
"731","04/05/2021 1:40",1.065,"2021-05-04","1:40:00",2021-05-04 01:40:00
"732","04/05/2021 1:50",0.996,"2021-05-04","1:50:00",2021-05-04 01:50:00
"733","04/05/2021 2:00",0.933,"2021-05-04","2:00:00",2021-05-04 02:00:00
"734","04/05/2021 2:10",0.875,"2021-05-04","2:10:00",2021-05-04 02:10:00
"735","04/05/2021 2:20",0.824,"2021-05-04","2:20:00",2021-05-04 02:20:00
"736","04/05/2021 2:30",0.78,"2021-05-04","2:30:00",2021-05-04 02:30:00
"737","04/05/2021 2:40",0.742,"2021-05-04","2:40:00",2021-05-04 02:40:00
"738","04/05/2021 2:50",0.712,"2021-05-04","2:50:00",2021-05-04 02:50:00
"739","04/05/2021 3:00",0.69,"2021-05-04","3:00:00",2021-05-04 03:00:00
"740","04/05/2021 3:10",0.675,"2021-05-04","3:10:00",2021-05-04 03:10:00
"741","04/05/2021 3:20",0.668,"2021-05-04","3:20:00",2021-05-04 03:20:00
"742","04/05/2021 3:30",0.668,"2021-05-04","3:30:00",2021-05-04 03:30:00
"743","04/05/2021 3:40",0.677,"2021-05-04","3:40:00",2021-05-04 03:40:00
"744","04/05/2021 3:50",0.693,"2021-05-04","3:50:00",2021-05-04 03:50:00
"745","04/05/2021 4:00",0.717,"2021-05-04","4:00:00",2021-05-04 04:00:00
"746","04/05/2021 4:10",0.748,"2021-05-04","4:10:00",2021-05-04 04:10:00
"747","04/05/2021 4:20",0.786,"2021-05-04","4:20:00",2021-05-04 04:20:00
"748","04/05/2021 4:30",0.832,"2021-05-04","4:30:00",2021-05-04 04:30:00
"749","04/05/2021 4:40",0.884,"2021-05-04","4:40:00",2021-05-04 04:40:00
"750","04/05/2021 4:50",0.942,"2021-05-04","4:50:00",2021-05-04 04:50:00
"751","04/05/2021 5:00",1.007,"2021-05-04","5:00:00",2021-05-04 05:00:00
"752","04/05/2021 5:10",1.076,"2021-05-04","5:10:00",2021-05-04 05:10:00
"753","04/05/2021 5:20",1.151,"2021-05-04","5:20:00",2021-05-04 05:20:00
"754","04/05/2021 5:30",1.23,"2021-05-04","5:30:00",2021-05-04 05:30:00
"755","04/05/2021 5:40",1.313,"2021-05-04","5:40:00",2021-05-04 05:40:00
"756","04/05/2021 5:50",1.4,"2021-05-04","5:50:00",2021-05-04 05:50:00
"757","04/05/2021 6:00",1.489,"2021-05-04","6:00:00",2021-05-04 06:00:00
"758","04/05/2021 6:10",1.581,"2021-05-04","6:10:00",2021-05-04 06:10:00
"759","04/05/2021 6:20",1.675,"2021-05-04","6:20:00",2021-05-04 06:20:00
"760","04/05/2021 6:30",1.769,"2021-05-04","6:30:00",2021-05-04 06:30:00
"761","04/05/2021 6:40",1.864,"2021-05-04","6:40:00",2021-05-04 06:40:00
"762","04/05/2021 6:50",1.959,"2021-05-04","6:50:00",2021-05-04 06:50:00
"763","04/05/2021 7:00",2.053,"2021-05-04","7:00:00",2021-05-04 07:00:00
"764","04/05/2021 7:10",2.145,"2021-05-04","7:10:00",2021-05-04 07:10:00
"765","04/05/2021 7:20",2.236,"2021-05-04","7:20:00",2021-05-04 07:20:00
"766","04/05/2021 7:30",2.324,"2021-05-04","7:30:00",2021-05-04 07:30:00
"767","04/05/2021 7:40",2.408,"2021-05-04","7:40:00",2021-05-04 07:40:00
"768","04/05/2021 7:50",2.489,"2021-05-04","7:50:00",2021-05-04 07:50:00
"769","04/05/2021 8:00",2.565,"2021-05-04","8:00:00",2021-05-04 08:00:00
"770","04/05/2021 8:10",2.637,"2021-05-04","8:10:00",2021-05-04 08:10:00
"771","04/05/2021 8:20",2.703,"2021-05-04","8:20:00",2021-05-04 08:20:00
"772","04/05/2021 8:30",2.763,"2021-05-04","8:30:00",2021-05-04 08:30:00
"773","04/05/2021 8:40",2.817,"2021-05-04","8:40:00",2021-05-04 08:40:00
"774","04/05/2021 8:50",2.865,"2021-05-04","8:50:00",2021-05-04 08:50:00
"775","04/05/2021 9:00",2.906,"2021-05-04","9:00:00",2021-05-04 09:00:00
"776","04/05/2021 9:10",2.939,"2021-05-04","9:10:00",2021-05-04 09:10:00
"777","04/05/2021 9:20",2.966,"2021-05-04","9:20:00",2021-05-04 09:20:00
"778","04/05/2021 9:30",2.984,"2021-05-04","9:30:00",2021-05-04 09:30:00
"779","04/05/2021 9:40",2.996,"2021-05-04","9:40:00",2021-05-04 09:40:00
"780","04/05/2021 9:50",3,"2021-05-04","9:50:00",2021-05-04 09:50:00
"781","04/05/2021 10:00",2.996,"2021-05-04","10:00:00",2021-05-04 10:00:00
"782","04/05/2021 10:10",2.984,"2021-05-04","10:10:00",2021-05-04 10:10:00
"783","04/05/2021 10:20",2.965,"2021-05-04","10:20:00",2021-05-04 10:20:00
"784","04/05/2021 10:30",2.939,"2021-05-04","10:30:00",2021-05-04 10:30:00
"785","04/05/2021 10:40",2.905,"2021-05-04","10:40:00",2021-05-04 10:40:00
"786","04/05/2021 10:50",2.865,"2021-05-04","10:50:00",2021-05-04 10:50:00
"787","04/05/2021 11:00",2.818,"2021-05-04","11:00:00",2021-05-04 11:00:00
"788","04/05/2021 11:10",2.765,"2021-05-04","11:10:00",2021-05-04 11:10:00
"789","04/05/2021 11:20",2.706,"2021-05-04","11:20:00",2021-05-04 11:20:00
"790","04/05/2021 11:30",2.642,"2021-05-04","11:30:00",2021-05-04 11:30:00
"791","04/05/2021 11:40",2.572,"2021-05-04","11:40:00",2021-05-04 11:40:00
"792","04/05/2021 11:50",2.499,"2021-05-04","11:50:00",2021-05-04 11:50:00
"793","04/05/2021 12:00",2.421,"2021-05-04","12:00:00",2021-05-04 12:00:00
"794","04/05/2021 12:10",2.341,"2021-05-04","12:10:00",2021-05-04 12:10:00
"795","04/05/2021 12:20",2.257,"2021-05-04","12:20:00",2021-05-04 12:20:00
"796","04/05/2021 12:30",2.172,"2021-05-04","12:30:00",2021-05-04 12:30:00
"797","04/05/2021 12:40",2.085,"2021-05-04","12:40:00",2021-05-04 12:40:00
"798","04/05/2021 12:50",1.998,"2021-05-04","12:50:00",2021-05-04 12:50:00
"799","04/05/2021 13:00",1.91,"2021-05-04","13:00:00",2021-05-04 13:00:00
"800","04/05/2021 13:10",1.823,"2021-05-04","13:10:00",2021-05-04 13:10:00
"801","04/05/2021 13:20",1.737,"2021-05-04","13:20:00",2021-05-04 13:20:00
"802","04/05/2021 13:30",1.653,"2021-05-04","13:30:00",2021-05-04 13:30:00
"803","04/05/2021 13:40",1.571,"2021-05-04","13:40:00",2021-05-04 13:40:00
"804","04/05/2021 13:50",1.492,"2021-05-04","13:50:00",2021-05-04 13:50:00
"805","04/05/2021 14:00",1.416,"2021-05-04","14:00:00",2021-05-04 14:00:00
"806","04/05/2021 14:10",1.345,"2021-05-04","14:10:00",2021-05-04 14:10:00
"807","04/05/2021 14:20",1.277,"2021-05-04","14:20:00",2021-05-04 14:20:00
"808","04/05/2021 14:30",1.215,"2021-05-04","14:30:00",2021-05-04 14:30:00
"809","04/05/2021 14:40",1.158,"2021-05-04","14:40:00",2021-05-04 14:40:00
"810","04/05/2021 14:50",1.107,"2021-05-04","14:50:00",2021-05-04 14:50:00
"811","04/05/2021 15:00",1.061,"2021-05-04","15:00:00",2021-05-04 15:00:00
"812","04/05/2021 15:10",1.022,"2021-05-04","15:10:00",2021-05-04 15:10:00
"813","04/05/2021 15:20",0.989,"2021-05-04","15:20:00",2021-05-04 15:20:00
"814","04/05/2021 15:30",0.963,"2021-05-04","15:30:00",2021-05-04 15:30:00
"815","04/05/2021 15:40",0.944,"2021-05-04","15:40:00",2021-05-04 15:40:00
"816","04/05/2021 15:50",0.932,"2021-05-04","15:50:00",2021-05-04 15:50:00
"817","04/05/2021 16:00",0.927,"2021-05-04","16:00:00",2021-05-04 16:00:00
"818","04/05/2021 16:10",0.928,"2021-05-04","16:10:00",2021-05-04 16:10:00
"819","04/05/2021 16:20",0.937,"2021-05-04","16:20:00",2021-05-04 16:20:00
"820","04/05/2021 16:30",0.952,"2021-05-04","16:30:00",2021-05-04 16:30:00
"821","04/05/2021 16:40",0.974,"2021-05-04","16:40:00",2021-05-04 16:40:00
"822","04/05/2021 16:50",1.002,"2021-05-04","16:50:00",2021-05-04 16:50:00
"823","04/05/2021 17:00",1.037,"2021-05-04","17:00:00",2021-05-04 17:00:00
"824","04/05/2021 17:10",1.077,"2021-05-04","17:10:00",2021-05-04 17:10:00
"825","04/05/2021 17:20",1.123,"2021-05-04","17:20:00",2021-05-04 17:20:00
"826","04/05/2021 17:30",1.175,"2021-05-04","17:30:00",2021-05-04 17:30:00
"827","04/05/2021 17:40",1.231,"2021-05-04","17:40:00",2021-05-04 17:40:00
"828","04/05/2021 17:50",1.292,"2021-05-04","17:50:00",2021-05-04 17:50:00
"829","04/05/2021 18:00",1.357,"2021-05-04","18:00:00",2021-05-04 18:00:00
"830","04/05/2021 18:10",1.426,"2021-05-04","18:10:00",2021-05-04 18:10:00
"831","04/05/2021 18:20",1.498,"2021-05-04","18:20:00",2021-05-04 18:20:00
"832","04/05/2021 18:30",1.573,"2021-05-04","18:30:00",2021-05-04 18:30:00
"833","04/05/2021 18:40",1.65,"2021-05-04","18:40:00",2021-05-04 18:40:00
"834","04/05/2021 18:50",1.728,"2021-05-04","18:50:00",2021-05-04 18:50:00
"835","04/05/2021 19:00",1.808,"2021-05-04","19:00:00",2021-05-04 19:00:00
"836","04/05/2021 19:10",1.888,"2021-05-04","19:10:00",2021-05-04 19:10:00
"837","04/05/2021 19:20",1.968,"2021-05-04","19:20:00",2021-05-04 19:20:00
"838","04/05/2021 19:30",2.047,"2021-05-04","19:30:00",2021-05-04 19:30:00
"839","04/05/2021 19:40",2.125,"2021-05-04","19:40:00",2021-05-04 19:40:00
"840","04/05/2021 19:50",2.201,"2021-05-04","19:50:00",2021-05-04 19:50:00
"841","04/05/2021 20:00",2.275,"2021-05-04","20:00:00",2021-05-04 20:00:00
"842","04/05/2021 20:10",2.345,"2021-05-04","20:10:00",2021-05-04 20:10:00
"843","04/05/2021 20:20",2.413,"2021-05-04","20:20:00",2021-05-04 20:20:00
"844","04/05/2021 20:30",2.476,"2021-05-04","20:30:00",2021-05-04 20:30:00
"845","04/05/2021 20:40",2.536,"2021-05-04","20:40:00",2021-05-04 20:40:00
"846","04/05/2021 20:50",2.59,"2021-05-04","20:50:00",2021-05-04 20:50:00
"847","04/05/2021 21:00",2.639,"2021-05-04","21:00:00",2021-05-04 21:00:00
"848","04/05/2021 21:10",2.684,"2021-05-04","21:10:00",2021-05-04 21:10:00
"849","04/05/2021 21:20",2.722,"2021-05-04","21:20:00",2021-05-04 21:20:00
"850","04/05/2021 21:30",2.754,"2021-05-04","21:30:00",2021-05-04 21:30:00
"851","04/05/2021 21:40",2.78,"2021-05-04","21:40:00",2021-05-04 21:40:00
"852","04/05/2021 21:50",2.8,"2021-05-04","21:50:00",2021-05-04 21:50:00
"853","04/05/2021 22:00",2.812,"2021-05-04","22:00:00",2021-05-04 22:00:00
"854","04/05/2021 22:10",2.819,"2021-05-04","22:10:00",2021-05-04 22:10:00
"855","04/05/2021 22:20",2.818,"2021-05-04","22:20:00",2021-05-04 22:20:00
"856","04/05/2021 22:30",2.81,"2021-05-04","22:30:00",2021-05-04 22:30:00
"857","04/05/2021 22:40",2.796,"2021-05-04","22:40:00",2021-05-04 22:40:00
"858","04/05/2021 22:50",2.775,"2021-05-04","22:50:00",2021-05-04 22:50:00
"859","04/05/2021 23:00",2.747,"2021-05-04","23:00:00",2021-05-04 23:00:00
"860","04/05/2021 23:10",2.712,"2021-05-04","23:10:00",2021-05-04 23:10:00
"861","04/05/2021 23:20",2.671,"2021-05-04","23:20:00",2021-05-04 23:20:00
"862","04/05/2021 23:30",2.624,"2021-05-04","23:30:00",2021-05-04 23:30:00
"863","04/05/2021 23:40",2.572,"2021-05-04","23:40:00",2021-05-04 23:40:00
"864","04/05/2021 23:50",2.514,"2021-05-04","23:50:00",2021-05-04 23:50:00
"865","05/05/2021 0:00",2.452,"2021-05-05","0:00:00",2021-05-05 00:00:00
"866","05/05/2021 0:10",2.385,"2021-05-05","0:10:00",2021-05-05 00:10:00
"867","05/05/2021 0:20",2.314,"2021-05-05","0:20:00",2021-05-05 00:20:00
"868","05/05/2021 0:30",2.24,"2021-05-05","0:30:00",2021-05-05 00:30:00
"869","05/05/2021 0:40",2.163,"2021-05-05","0:40:00",2021-05-05 00:40:00
"870","05/05/2021 0:50",2.083,"2021-05-05","0:50:00",2021-05-05 00:50:00
"871","05/05/2021 1:00",2.002,"2021-05-05","1:00:00",2021-05-05 01:00:00
"872","05/05/2021 1:10",1.92,"2021-05-05","1:10:00",2021-05-05 01:10:00
"873","05/05/2021 1:20",1.838,"2021-05-05","1:20:00",2021-05-05 01:20:00
"874","05/05/2021 1:30",1.755,"2021-05-05","1:30:00",2021-05-05 01:30:00
"875","05/05/2021 1:40",1.673,"2021-05-05","1:40:00",2021-05-05 01:40:00
"876","05/05/2021 1:50",1.592,"2021-05-05","1:50:00",2021-05-05 01:50:00
"877","05/05/2021 2:00",1.512,"2021-05-05","2:00:00",2021-05-05 02:00:00
"878","05/05/2021 2:10",1.435,"2021-05-05","2:10:00",2021-05-05 02:10:00
"879","05/05/2021 2:20",1.36,"2021-05-05","2:20:00",2021-05-05 02:20:00
"880","05/05/2021 2:30",1.288,"2021-05-05","2:30:00",2021-05-05 02:30:00
"881","05/05/2021 2:40",1.22,"2021-05-05","2:40:00",2021-05-05 02:40:00
"882","05/05/2021 2:50",1.155,"2021-05-05","2:50:00",2021-05-05 02:50:00
"883","05/05/2021 3:00",1.096,"2021-05-05","3:00:00",2021-05-05 03:00:00
"884","05/05/2021 3:10",1.041,"2021-05-05","3:10:00",2021-05-05 03:10:00
"885","05/05/2021 3:20",0.991,"2021-05-05","3:20:00",2021-05-05 03:20:00
"886","05/05/2021 3:30",0.947,"2021-05-05","3:30:00",2021-05-05 03:30:00
"887","05/05/2021 3:40",0.909,"2021-05-05","3:40:00",2021-05-05 03:40:00
"888","05/05/2021 3:50",0.877,"2021-05-05","3:50:00",2021-05-05 03:50:00
"889","05/05/2021 4:00",0.851,"2021-05-05","4:00:00",2021-05-05 04:00:00
"890","05/05/2021 4:10",0.832,"2021-05-05","4:10:00",2021-05-05 04:10:00
"891","05/05/2021 4:20",0.82,"2021-05-05","4:20:00",2021-05-05 04:20:00
"892","05/05/2021 4:30",0.815,"2021-05-05","4:30:00",2021-05-05 04:30:00
"893","05/05/2021 4:40",0.817,"2021-05-05","4:40:00",2021-05-05 04:40:00
"894","05/05/2021 4:50",0.826,"2021-05-05","4:50:00",2021-05-05 04:50:00
"895","05/05/2021 5:00",0.842,"2021-05-05","5:00:00",2021-05-05 05:00:00
"896","05/05/2021 5:10",0.865,"2021-05-05","5:10:00",2021-05-05 05:10:00
"897","05/05/2021 5:20",0.894,"2021-05-05","5:20:00",2021-05-05 05:20:00
"898","05/05/2021 5:30",0.93,"2021-05-05","5:30:00",2021-05-05 05:30:00
"899","05/05/2021 5:40",0.972,"2021-05-05","5:40:00",2021-05-05 05:40:00
"900","05/05/2021 5:50",1.02,"2021-05-05","5:50:00",2021-05-05 05:50:00
"901","05/05/2021 6:00",1.073,"2021-05-05","6:00:00",2021-05-05 06:00:00
"902","05/05/2021 6:10",1.132,"2021-05-05","6:10:00",2021-05-05 06:10:00
"903","05/05/2021 6:20",1.196,"2021-05-05","6:20:00",2021-05-05 06:20:00
"904","05/05/2021 6:30",1.264,"2021-05-05","6:30:00",2021-05-05 06:30:00
"905","05/05/2021 6:40",1.336,"2021-05-05","6:40:00",2021-05-05 06:40:00
"906","05/05/2021 6:50",1.412,"2021-05-05","6:50:00",2021-05-05 06:50:00
"907","05/05/2021 7:00",1.491,"2021-05-05","7:00:00",2021-05-05 07:00:00
"908","05/05/2021 7:10",1.573,"2021-05-05","7:10:00",2021-05-05 07:10:00
"909","05/05/2021 7:20",1.656,"2021-05-05","7:20:00",2021-05-05 07:20:00
"910","05/05/2021 7:30",1.741,"2021-05-05","7:30:00",2021-05-05 07:30:00
"911","05/05/2021 7:40",1.827,"2021-05-05","7:40:00",2021-05-05 07:40:00
"912","05/05/2021 7:50",1.914,"2021-05-05","7:50:00",2021-05-05 07:50:00
"913","05/05/2021 8:00",2,"2021-05-05","8:00:00",2021-05-05 08:00:00
"914","05/05/2021 8:10",2.086,"2021-05-05","8:10:00",2021-05-05 08:10:00
"915","05/05/2021 8:20",2.17,"2021-05-05","8:20:00",2021-05-05 08:20:00
"916","05/05/2021 8:30",2.252,"2021-05-05","8:30:00",2021-05-05 08:30:00
"917","05/05/2021 8:40",2.332,"2021-05-05","8:40:00",2021-05-05 08:40:00
"918","05/05/2021 8:50",2.409,"2021-05-05","8:50:00",2021-05-05 08:50:00
"919","05/05/2021 9:00",2.482,"2021-05-05","9:00:00",2021-05-05 09:00:00
"920","05/05/2021 9:10",2.551,"2021-05-05","9:10:00",2021-05-05 09:10:00
"921","05/05/2021 9:20",2.616,"2021-05-05","9:20:00",2021-05-05 09:20:00
"922","05/05/2021 9:30",2.676,"2021-05-05","9:30:00",2021-05-05 09:30:00
"923","05/05/2021 9:40",2.73,"2021-05-05","9:40:00",2021-05-05 09:40:00
"924","05/05/2021 9:50",2.779,"2021-05-05","9:50:00",2021-05-05 09:50:00
"925","05/05/2021 10:00",2.822,"2021-05-05","10:00:00",2021-05-05 10:00:00
"926","05/05/2021 10:10",2.858,"2021-05-05","10:10:00",2021-05-05 10:10:00
"927","05/05/2021 10:20",2.888,"2021-05-05","10:20:00",2021-05-05 10:20:00
"928","05/05/2021 10:30",2.912,"2021-05-05","10:30:00",2021-05-05 10:30:00
"929","05/05/2021 10:40",2.928,"2021-05-05","10:40:00",2021-05-05 10:40:00
"930","05/05/2021 10:50",2.937,"2021-05-05","10:50:00",2021-05-05 10:50:00
"931","05/05/2021 11:00",2.939,"2021-05-05","11:00:00",2021-05-05 11:00:00
"932","05/05/2021 11:10",2.934,"2021-05-05","11:10:00",2021-05-05 11:10:00
"933","05/05/2021 11:20",2.922,"2021-05-05","11:20:00",2021-05-05 11:20:00
"934","05/05/2021 11:30",2.903,"2021-05-05","11:30:00",2021-05-05 11:30:00
"935","05/05/2021 11:40",2.877,"2021-05-05","11:40:00",2021-05-05 11:40:00
"936","05/05/2021 11:50",2.845,"2021-05-05","11:50:00",2021-05-05 11:50:00
"937","05/05/2021 12:00",2.806,"2021-05-05","12:00:00",2021-05-05 12:00:00
"938","05/05/2021 12:10",2.761,"2021-05-05","12:10:00",2021-05-05 12:10:00
"939","05/05/2021 12:20",2.71,"2021-05-05","12:20:00",2021-05-05 12:20:00
"940","05/05/2021 12:30",2.653,"2021-05-05","12:30:00",2021-05-05 12:30:00
"941","05/05/2021 12:40",2.592,"2021-05-05","12:40:00",2021-05-05 12:40:00
"942","05/05/2021 12:50",2.526,"2021-05-05","12:50:00",2021-05-05 12:50:00
"943","05/05/2021 13:00",2.456,"2021-05-05","13:00:00",2021-05-05 13:00:00
"944","05/05/2021 13:10",2.383,"2021-05-05","13:10:00",2021-05-05 13:10:00
"945","05/05/2021 13:20",2.307,"2021-05-05","13:20:00",2021-05-05 13:20:00
"946","05/05/2021 13:30",2.228,"2021-05-05","13:30:00",2021-05-05 13:30:00
"947","05/05/2021 13:40",2.148,"2021-05-05","13:40:00",2021-05-05 13:40:00
"948","05/05/2021 13:50",2.066,"2021-05-05","13:50:00",2021-05-05 13:50:00
"949","05/05/2021 14:00",1.984,"2021-05-05","14:00:00",2021-05-05 14:00:00
"950","05/05/2021 14:10",1.902,"2021-05-05","14:10:00",2021-05-05 14:10:00
"951","05/05/2021 14:20",1.82,"2021-05-05","14:20:00",2021-05-05 14:20:00
"952","05/05/2021 14:30",1.74,"2021-05-05","14:30:00",2021-05-05 14:30:00
"953","05/05/2021 14:40",1.661,"2021-05-05","14:40:00",2021-05-05 14:40:00
"954","05/05/2021 14:50",1.584,"2021-05-05","14:50:00",2021-05-05 14:50:00
"955","05/05/2021 15:00",1.51,"2021-05-05","15:00:00",2021-05-05 15:00:00
"956","05/05/2021 15:10",1.44,"2021-05-05","15:10:00",2021-05-05 15:10:00
"957","05/05/2021 15:20",1.373,"2021-05-05","15:20:00",2021-05-05 15:20:00
"958","05/05/2021 15:30",1.31,"2021-05-05","15:30:00",2021-05-05 15:30:00
"959","05/05/2021 15:40",1.251,"2021-05-05","15:40:00",2021-05-05 15:40:00
"960","05/05/2021 15:50",1.198,"2021-05-05","15:50:00",2021-05-05 15:50:00
"961","05/05/2021 16:00",1.149,"2021-05-05","16:00:00",2021-05-05 16:00:00
"962","05/05/2021 16:10",1.106,"2021-05-05","16:10:00",2021-05-05 16:10:00
"963","05/05/2021 16:20",1.069,"2021-05-05","16:20:00",2021-05-05 16:20:00
"964","05/05/2021 16:30",1.038,"2021-05-05","16:30:00",2021-05-05 16:30:00
"965","05/05/2021 16:40",1.013,"2021-05-05","16:40:00",2021-05-05 16:40:00
"966","05/05/2021 16:50",0.995,"2021-05-05","16:50:00",2021-05-05 16:50:00
"967","05/05/2021 17:00",0.982,"2021-05-05","17:00:00",2021-05-05 17:00:00
"968","05/05/2021 17:10",0.976,"2021-05-05","17:10:00",2021-05-05 17:10:00
"969","05/05/2021 17:20",0.977,"2021-05-05","17:20:00",2021-05-05 17:20:00
"970","05/05/2021 17:30",0.983,"2021-05-05","17:30:00",2021-05-05 17:30:00
"971","05/05/2021 17:40",0.997,"2021-05-05","17:40:00",2021-05-05 17:40:00
"972","05/05/2021 17:50",1.016,"2021-05-05","17:50:00",2021-05-05 17:50:00
"973","05/05/2021 18:00",1.041,"2021-05-05","18:00:00",2021-05-05 18:00:00
"974","05/05/2021 18:10",1.072,"2021-05-05","18:10:00",2021-05-05 18:10:00
"975","05/05/2021 18:20",1.109,"2021-05-05","18:20:00",2021-05-05 18:20:00
"976","05/05/2021 18:30",1.151,"2021-05-05","18:30:00",2021-05-05 18:30:00
"977","05/05/2021 18:40",1.198,"2021-05-05","18:40:00",2021-05-05 18:40:00
"978","05/05/2021 18:50",1.25,"2021-05-05","18:50:00",2021-05-05 18:50:00
"979","05/05/2021 19:00",1.306,"2021-05-05","19:00:00",2021-05-05 19:00:00
"980","05/05/2021 19:10",1.366,"2021-05-05","19:10:00",2021-05-05 19:10:00
"981","05/05/2021 19:20",1.43,"2021-05-05","19:20:00",2021-05-05 19:20:00
"982","05/05/2021 19:30",1.496,"2021-05-05","19:30:00",2021-05-05 19:30:00
"983","05/05/2021 19:40",1.566,"2021-05-05","19:40:00",2021-05-05 19:40:00
"984","05/05/2021 19:50",1.637,"2021-05-05","19:50:00",2021-05-05 19:50:00
"985","05/05/2021 20:00",1.71,"2021-05-05","20:00:00",2021-05-05 20:00:00
"986","05/05/2021 20:10",1.784,"2021-05-05","20:10:00",2021-05-05 20:10:00
"987","05/05/2021 20:20",1.859,"2021-05-05","20:20:00",2021-05-05 20:20:00
"988","05/05/2021 20:30",1.934,"2021-05-05","20:30:00",2021-05-05 20:30:00
"989","05/05/2021 20:40",2.008,"2021-05-05","20:40:00",2021-05-05 20:40:00
"990","05/05/2021 20:50",2.081,"2021-05-05","20:50:00",2021-05-05 20:50:00
"991","05/05/2021 21:00",2.153,"2021-05-05","21:00:00",2021-05-05 21:00:00
"992","05/05/2021 21:10",2.223,"2021-05-05","21:10:00",2021-05-05 21:10:00
"993","05/05/2021 21:20",2.29,"2021-05-05","21:20:00",2021-05-05 21:20:00
"994","05/05/2021 21:30",2.354,"2021-05-05","21:30:00",2021-05-05 21:30:00
"995","05/05/2021 21:40",2.415,"2021-05-05","21:40:00",2021-05-05 21:40:00
"996","05/05/2021 21:50",2.472,"2021-05-05","21:50:00",2021-05-05 21:50:00
"997","05/05/2021 22:00",2.525,"2021-05-05","22:00:00",2021-05-05 22:00:00
"998","05/05/2021 22:10",2.573,"2021-05-05","22:10:00",2021-05-05 22:10:00
"999","05/05/2021 22:20",2.616,"2021-05-05","22:20:00",2021-05-05 22:20:00
"1000","05/05/2021 22:30",2.654,"2021-05-05","22:30:00",2021-05-05 22:30:00
"1001","05/05/2021 22:40",2.687,"2021-05-05","22:40:00",2021-05-05 22:40:00
"1002","05/05/2021 22:50",2.713,"2021-05-05","22:50:00",2021-05-05 22:50:00
"1003","05/05/2021 23:00",2.734,"2021-05-05","23:00:00",2021-05-05 23:00:00
"1004","05/05/2021 23:10",2.748,"2021-05-05","23:10:00",2021-05-05 23:10:00
"1005","05/05/2021 23:20",2.755,"2021-05-05","23:20:00",2021-05-05 23:20:00
"1006","05/05/2021 23:30",2.757,"2021-05-05","23:30:00",2021-05-05 23:30:00
"1007","05/05/2021 23:40",2.751,"2021-05-05","23:40:00",2021-05-05 23:40:00
"1008","05/05/2021 23:50",2.739,"2021-05-05","23:50:00",2021-05-05 23:50:00
